PWSID,District,Responsible,"TOTAL Supply (2010, Af)","Local Groundwater (2010, AF)","Local Surface Water (2010, AF)","Local Desalination (2010, AF)","Local Recycled (2010, AF)","Banked Water (2010, AF)",Non-Potable/Other,Lease/Transfer Allocation,"SFRW/SFPUC (2010, AF)",MWD/Metropolitan,"SWP (2010, AF)",City of Santa Cruz,Sonoma County WA,Vallejo WD,Southern California Water Company,Solano ID,"Napa Treated (2010, AF)","USBR - Cachuma (2010, AF)",U.S. Bureau of Reclamation,City of Cerritos,Buena Vista-Rosedale,Nickel Water,Fresno Irrigation District,MWD Orange Co ,BBID,Contra Costa WD,Humboldt Bay MWD,Cal Water,Kern County Water Agency,Central Valley Project,Imperial Irrigation District,California Domestic,Upper San Gabriel Valley MWD,City of Pasadena,West Basin MWD,City of Sacramento,Placer County WA,Sacramento Suburban WD,City of San Diego,Calleguas Municipall WD,Stockton East WD,Los Angeles County,Central Basin MWD,Zone 7 Water Agency,PG&E,Sweetwater Springs WD,Yolo County Flood Control,Santa Clara Valley WD,Calleguas MWD,San Diego County WA,Three Valleys MWD,San Bernardino Valley Municipal Water District,New Hogan Reservoir,USBR New Melones Reservoir,SSJID,City of Glendora,Covina Irrigating company,Walnut Valley WD,East Orange County Water District,Squa Valley PSD,Casitas Municipal Water District,Western Municipal Water District,San Juan Water District,Foothill Municipal Water District,South County Water Supply project,modesto irrigation district,LADWP,Colorado River Aqueduct,"Seal Beach, City of",Water Facilities Authority,San Antonio Water Company,NORMWD,Municipal Water District of Orange County,Mendocino County Russian River,West End Consolidated WC,Santa Clarita WD,Mojave Water Agency,"Eureka, City of",Vallejo permit water,Solano water project,USBR (Folsom Reservoir),Unidetified Importers,Rosedale-Rio Bravo Water Storage District,Tehachapi Cummings,Castaic Lake Water Agency,Sacramento County Water Agency,San Francisco PUC,San Gorgonio Pass WA,"TOTAL USE (2010, AF)","Residential (2010, AF)","Commercial (2010, AF)","Industrial (2010, AF)","Landscape (2010, AF)","Ag (2010, AF)","Institutional (2010, AF)","Resale (2010, AF)",Other,# Rebate Programs,,,,,,,,,,,,,,,Checksum supply,Checksum use
CA3610001,"Adelanto, City of",Joe,4866,4866,0,0,0,,,,0,,0,,,0,,,0,,,,,,,,,,,,,,,,,,,,,,,,,,,,,,,,,,,,,,,,,,,,,,,,,,,,,,,,,,,,,,,,,,,,,,,,4866,3202,483,272,3,0,0,,907,4,,,,,,,,,,,,,,,0,1
CA0110010,Alameda County Flood Control District- Zone 7,Joe,63145,0,7100,0,0,,,,,,51545,,,,,,,,,,,,,,4500,,,,,,,,,,,,,,,,,,,,,,,,,,,,,,,,,,,,,,,,,,,,,,,,,,,,,,,,,,,,,,,,66233,59525,3807,175,1844,14,0,,868,2,,,,,,,,,,,,,,,0,0
CA0110001,Alameda County Water District,Joe,64200,30800,3600,0,0,,,,11700,,18100,,,0,,,0,,,,,,,,,,,,,,,,,,,,,,,,,,,,,,,,,,,,,,,,,,,,,,,,,,,,,,,,,,,,,,,,,,,,,,,,42900,29100,4700,2500,4800,0,1800,,,5,,,,,,,,,,,,,,,0,0
CA1910001,"Alhambra, City of",Joe,,,,,,,,,,,,,,,,,,,,,,,,,,,,,,,,,,,,,,,,,,,,,,,,,,,,,,,,,,,,,,,,,,,,,,,,,,,,,,,,,,,,,,,,,,,,,,,,,,,,,,,,,,,,,,,,,0,0
CA2810005,"American Canyon, City of",Joe,3097,0,0,0,73,,,,0,,2185,,,533,,,306,,,,,,,,,,,,,,,,,,,,,,,,,,,,,,,,,,,,,,,,,,,,,,,,,,,,,,,,,,,,,,,,,,,,,,,,2859,1590,409,383,397,33,36,,11,2,,,,,,,,,,,,,,,0,0
CA3010001,"Anaheim, City of",Joe,66929,44898,,,,,,,,22031,,,,,,,,,,,,,,,,,,,,,,,,,,,,,,,,,,,,,,,,,,,,,,,,,,,,,,,,,,,,,,,,,,,,,,,,,,,,,,,66929,37428,24771,,,,,,4729,5,,,,,,,,,,,,,,,0,-1
CA1510053,Antelope Valley_East Kern Water Agency,Joe,,,,,,,,,,,,,,,,,,,,,,,,,,,,,,,,,,,,,,,,,,,,,,,,,,,,,,,,,,,,,,,,,,,,,,,,,,,,,,,,,,,,,,,,,,,,,,,,,,,,,,,,,,,,,,,,,0,0
CA0710001,"Antioch, City of",Joe,25773,,7930,,,,,,,,,,,,,,,,,,,,,,,17843,,,,,,,,,,,,,,,,,,,,,,,,,,,,,,,,,,,,,,,,,,,,,,,,,,,,,,,,,,,,,,,16981,12508,1294,736,1871,0,0,,572,5,,,,,,,,,,,,,,,0,0
CA3610003,Apple Valley Ranchos Water Company,Joe,14390,14390,,,,,,,,,,,,,,,,,,,,,,,,,,,,,,,,,,,,,,,,,,,,,,,,,,,,,,,,,,,,,,,,,,,,,,,,,,,,,,,,,,,,,,,14390,8685,2580,,2188,,,,937,1,,,,,,,,,,,,,,,0,0
CA1910003,"Arcadia, City of",Joe,15798,15512,,,,,,,,286,,,,,,,,,,,,,,,,,,,,,,,,,,,,,,,,,,,,,,,,,,,,,,,,,,,,,,,,,,,,,,,,,,,,,,,,,,,,,,,15798,10489,1993,622,,,592,,2102,2,,,,,,,,,,,,,,,0,0
CA1210021,"Arcata, City of",Joe,2226,407,,,,,,,,,,,,,,,,,,,,,,,,,1819,,,,,,,,,,,,,,,,,,,,,,,,,,,,,,,,,,,,,,,,,,,,,,,,,,,,,,,,,,,,,,1584,1156,283,61,,,83,,,2,,,,,,,,,,,,,,,0,-1
CA4010001,"Arroyo Grande, City of",Joe,3793,1403,2390,,,,,,,,,,,,,,,,,,,,,,,,,,,,,,,,,,,,,,,,,,,,,,,,,,,,,,,,,,,,,,,,,,,,,,,,,,,,,,,,,,,,,,2782,2309,278,,111,,84,,,2,,,,,,,,,,,,,,,0,0
CA1510001,Arvin Community Services District,Joe,2946,2946,,,,,,,,,,,,,,,,,,,,,,,,,,,,,,,,,,,,,,,,,,,,,,,,,,,,,,,,,,,,,,,,,,,,,,,,,,,,,,,,,,,,,,,2299,1940,232,50,68,,,,10,0,,,,,,,,,,,,,,,0,1
CA1910007,"Azusa, City of",Joe,21546,16487,5059,,,,,,,,,,,,,,,,,,,,,,,,,,,,,,,,,,,,,,,,,,,,,,,,,,,,,,,,,,,,,,,,,,,,,,,,,,,,,,,,,,,,,,21547,9673,4227,1921,2771,,,,2955,3,,,,,,,,,,,,,,,0,0
CA1510031,"Bakersfield, City of",Joe,43210,37976,,,,,,,,,,,,,,,,,,,,,,,,,,1788,3446,,,,,,,,,,,,,,,,,,,,,,,,,,,,,,,,,,,,,,,,,,,,,,,,,,,,,,,,,,,,43210,28942,6734,457,,,3496,,3582,2,,,,,,,,,,,,,,,0,1
CA1010001,Bakman Water Company,Joe,4054,4054,,,,,,,,,,,,,,,,,,,,,,,,,,,,,,,,,,,,,,,,,,,,,,,,,,,,,,,,,,,,,,,,,,,,,,,,,,,,,,,,,,,,,,,4055,144,184,,142,,,,3585,2,,,,,,,,,,,,,,,0,0
CA3310002,Beaumont-Cherry Valley Water District,Joe,11399,11399,,,,,,,,,,,,,,,,,,,,,,,,,,,,,,,,,,,,,,,,,,,,,,,,,,,,,,,,,,,,,,,,,,,,,,,,,,,,,,,,,,,,,,,11023,8000,84,90,1822,95,434,,498,2,,,,,,,,,,,,,,,0,0
CA4510014,Bella Vista Water District,Joe,26114,,,,,,,,,,,,,,,,,,,,,,,,,,,,,26114,,,,,,,,,,,,,,,,,,,,,,,,,,,,,,,,,,,,,,,,,,,,,,,,,,,,,,,,,,,10039,5024,829,0,528,3627,,,31,0,,,,,,,,,,,,,,,0,0
CA1910013,Bellflower-Somerset Mutual Water Company,Joe,5368,4402,,,99,,,,,,867,,,,,,,,,,,,,,,,,,,,,,,,,,,,,,,,,,,,,,,,,,,,,,,,,,,,,,,,,,,,,,,,,,,,,,,,,,,,,,6935,5984,650,,,,109,,192,0,,,,,,,,,,,,,,,0,0
CA4810001,"Benecia, City of",Joe,30175,,11000,,,,,,,,16075,,,1100,,2000,,,,,,,,,,,,,,,,,,,,,,,,,,,,,,,,,,,,,,,,,,,,,,,,,,,,,,,,,,,,,,,,,,,,,,,,,4183,3168,381,89,536,,,,9,3,,,,,,,,,,,,,,,0,0
CA1910156,"Beverly Hills, City of",Joe,13112,1311,,,,,,,,11801,,,,,,,,,,,,,,,,,,,,,,,,,,,,,,,,,,,,,,,,,,,,,,,,,,,,,,,,,,,,,,,,,,,,,,,,,,,,,,,11022,7834,2439,,,,,,749,4,,,,,,,,,,,,,,,0,0
CA3610008,Big Bear Community Services District,Joe,1095,1095,,,,,,,,,,,,,,,,,,,,,,,,,,,,,,,,,,,,,,,,,,,,,,,,,,,,,,,,,,,,,,,,,,,,,,,,,,,,,,,,,,,,,,,1095,926,,,,,,,169,1,,,,,,,,,,,,,,,0,0
CA3610045,"Big Bear Lake, City of",Joe,2205,2205,,,,,,,,,,,,,,,,,,,,,,,,,,,,,,,,,,,,,,,,,,,,,,,,,,,,,,,,,,,,,,,,,,,,,,,,,,,,,,,,,,,,,,,2205,1437,554,,,,,,214,1,,,,,,,,,,,,,,,0,0
CA3310003,"Blythe, City of",Joe,,,,,,,,,,,,,,,,,,,,,,,,,,,,,,,,,,,,,,,,,,,,,,,,,,,,,,,,,,,,,,,,,,,,,,,,,,,,,,,,,,,,,,,,,,,,,,,,,,,,,,,,,,,,,,,,,0,0
CA1310001,"Brawley, City of",Joe,8312,,,,,,,,,,,,,,,,,,,,,,,,,,,,,,8312,,,,,,,,,,,,,,,,,,,,,,,,,,,,,,,,,,,,,,,,,,,,,,,,,,,,,,,,,,7686,4272,1291,1882,6,,110,,122,0,,,,,,,,,,,,,,,0,-3
CA3010002,"Brea, City of",Joe,9713,99,,,,,,,,,,,,,,,,,,,,,,2036,,,,,,,,7576,,,,,,,,,,,,,,,,,,,,,,,,,,,,,,,,,,,,,,,,,,,,,,,,,,,,,,,,,9713,5245,1426,642,1387,,1013,,,7,,,,,,,,,,,,,,,-2,0
CA0710004,"Brentwood,City of",Joe,3905,1152,1704,,18,,717,,,,,,,,,,,,,,,,,,,563,,,,,,,,,,,,,,,,,,,,,,,,,,,,,,,,,,,,,,,,,,,,,,,,,,,,,,,,,,,,,,,3520,2390,176,,938,,,,16,3,,,,,,,,,,,,,,,249,0
CA3010003,"Buena Park, City of",Joe,17958,10504,,,630,,,,,,,,,,,,,,,,,,,6824,,,,,,,,,,,,,,,,,,,,,,,,,,,,,,,,,,,,,,,,,,,,,,,,,,,,,,,,,,,,,,,,,17958,10434,3502,1993,1490,,,,539,2,,,,,,,,,,,,,,,0,0
CA1910179,"Burbank, City of",Joe,21813,9917,,,2010,,,,,9886,,,,,,,,,,,,,,,,,,,,,,,,,,,,,,,,,,,,,,,,,,,,,,,,,,,,,,,,,,,,,,,,,,,,,,,,,,,,,,,17590,12690,3409,660,337,,460,,35,2,,,,,,,,,,,,,,,0,1
CA4110003,"Burlingame, City of",Joe,,,,,,,,,,,,,,,,,,,,,,,,,,,,,,,,,,,,,,,,,,,,,,,,,,,,,,,,,,,,,,,,,,,,,,,,,,,,,,,,,,,,,,,,,,,,,,,,,,,,,,,,,,,,,,,,,0,0
CA1910052,CA-American Water - Los Angeles,Joe,20312,16731,1672,,,,,,,628,,,,,,,,,,,,,,,,,,,,,,,309,,972,,,,,,,,,,,,,,,,,,,,,,,,,,,,,,,,,,,,,,,,,,,,,,,,,,,,,,18760,14519,2888,,501,,850,,2,7,,,,,,,,,,,,,,,0,0
CA2701202,CA-American Water - Monterey District,Joe,12809,3350,9359,99,,,,,,,,,,,,,,,,,,,,,,,,,,,,,,,,,,,,,,,,,,,,,,,,,,,,,,,,,,,,,,,,,,,,,,,,,,,,,,,,,,,,,11320,7591,2879,64,150,,483,,154,6,,,,,,,,,,,,,,,-1,1
CA3410012,CA-American Water - Sacramento,Joe,37297,33794,,,,,,,,,,,,,,,,,,,,,,,,,,,,,,,,,,1069,858,1576,,,,,,,,,,,,,,,,,,,,,,,,,,,,,,,,,,,,,,,,,,,,,,,,,,,33754,31541,1229,3,194,,174,,613,5,,,,,,,,,,,,,,,0,0
CA3710001,CA-American Water - San Diego,Joe,11211,,,,,,,,,,,,,,,,,,,,,,,,,,,,,,,,,,,,,,11211,,,,,,,,,,,,,,,,,,,,,,,,,,,,,,,,,,,,,,,,,,,,,,,,,,10737,7728,952,,963,,1091,,3,3,,,,,,,,,,,,,,,0,0
CA5610040,CA-American Water - Ventura,Joe,15194,,,,,,,,,,,,,,,,,,,,,,,,,,,,,,,,,,,,,,,15194,,,,,,,,,,,,,,,,,,,,,,,,,,,,,,,,,,,,,,,,,,,,,,,,,14852,10049,1176,1415,1320,,892,,,6,,,,,,,,,,,,,,,0,0
CA3910001,CA Water Sercice Co - Stockton,Joe,27218,4976,,,,,,,,,,,,,,,,,,,,,,,,,,,,,,,,,,,,,,,22242,,,,,,,,,,,,,,,,,,,,,,,,,,,,,,,,,,,,,,,,,,,,,,,,25461,15438,5674,2119,,,2193,,37,0,,,,,,,,,,,,,,,0,0
CA1500333,CA Water Service Co - Antelope Valley,Joe,944,782,,,,,,,,,,,,,,,,,,,,,,,,,,,,,,,,,,,,,,,,161,,,,,,,,,,,,,,,,,,,,,,,,,,,,,,,,,,,,,,,,,,,,,,,892,818,44,,,,29,,,0,,,,,,,,,,,,,,,-1,-1
CA1510003,CA Water Service Co - Bakersfield,Joe,77177,43995,19079,,,,,,,,,,,,,,,,,,,,,,,,,,14103,,,,,,,,,,,,,,,,,,,,,,,,,,,,,,,,,,,,,,,,,,,,,,,,,,,,,,,,,,,,71003,53451,11932,45,,,5444,,131,0,,,,,,,,,,,,,,,0,0
CA4110006,CA Water Service Co - Bear Gulch,Joe,12907,,1084,,,,,,11824,,,,,,,,,,,,,,,,,,,,,,,,,,,,,,,,,,,,,,,,,,,,,,,,,,,,,,,,,,,,,,,,,,,,,,,,,,,,,,,,12491,10861,1309,4,,,297,,19,4,,,,,,,,,,,,,,,1,-1
CA0410002,CA Water Service Co - Chico Hamilton City District,Joe,26572,26572,,,,,,,,,,,,,,,,,,,,,,,,,,,,,,,,,,,,,,,,,,,,,,,,,,,,,,,,,,,,,,,,,,,,,,,,,,,,,,,,,,,,,,,24446,18344,4638,422,,,1011,,31,0,,,,,,,,,,,,,,,0,0
CA4810002,CA Water Service Co - Dixon District,Joe,1503,1503,,,,,,,,,,,,,,,,,,,,,,,,,,,,,,,,,,,,,,,,,,,,,,,,,,,,,,,,,,,,,,,,,,,,,,,,,,,,,,,,,,,,,,,1311,1095,105,,,,110,,,0,,,,,,,,,,,,,,,0,-1
CA1910033,CA Water Service Co - Dominguez District,Joe,41321,8575,,,5251,,,3850,,,,,,,,,,,,,,,,,,,,,,,,,,,23645,,,,,,,,,,,,,,,,,,,,,,,,,,,,,,,,,,,,,,,,,,,,,,,,,,,,,,32364,12598,7308,10953,,,1438,,67,0,,,,,,,,,,,,,,,0,0
CA1910036,CA Water Service Co - East Los Angeles District,Joe,27201,6800,,,,2697,,7000,,,,,,,,,,,,,,,,,,,,,,,,,,,,,,,,,,,10704,,,,,,,,,,,,,,,,,,,,,,,,,,,,,,,,,,,,,,,,,,,,,,16583,8162,5153,1326,,,1517,,424,0,,,,,,,,,,,,,,,0,-1
CA1910134,CA Water Service Co - Hermosa Redondo District,Joe,12516,1424,,,134,,,,,,,,,,,,,,,,,,,,,,,,,,,,,,10958,,,,,,,,,,,,,,,,,,,,,,,,,,,,,,,,,,,,,,,,,,,,,,,,,,,,,,11882,9248,1585,574,,,469,,7,0,,,,,,,,,,,,,,,0,1
CA1510049,CA Water Service Co - Kern River Vly,Joe,1105,240,865,,,,,,,,,,,,,,,,,,,,,,,,,,,,,,,,,,,,,,,,,,,,,,,,,,,,,,,,,,,,,,,,,,,,,,,,,,,,,,,,,,,,,,878,804,51,,,,23,,,0,,,,,,,,,,,,,,,0,0
CA2710009,CA Water Service Co - King City,Joe,1724,1724,,,,,,,,,,,,,,,,,,,,,,,,,,,,,,,,,,,,,,,,,,,,,,,,,,,,,,,,,,,,,,,,,,,,,,,,,,,,,,,,,,,,,,,1622,867,521,71,,,144,,18,0,,,,,,,,,,,,,,,0,-1
CA0110003,CA Water Service Co - Livermore,Joe,10231,3069,,,,,,,,,,,,,,,,,,,,,,,,,,,,,,,,,,,,,,,,,,7162,,,,,,,,,,,,,,,,,,,,,,,,,,,,,,,,,,,,,,,,,,,,,9812,7563,1391,,,,854,,4,0,,,,,,,,,,,,,,,0,0
CA5810001,CA Water Service Co - Marysville,Joe,2365,2365,,,,,,,,,,,,,,,,,,,,,,,,,,,,,,,,,,,,,,,,,,,,,,,,,,,,,,,,,,,,,,,,,,,,,,,,,,,,,,,,,,,,,,,2173,1489,401,5,,,278,,3,0,,,,,,,,,,,,,,,0,3
CA4110008,CA Water Service Co - Mid Peninsula District,Joe,15956,,,,,,,,15956,,,,,,,,,,,,,,,,,,,,,,,,,,,,,,,,,,,,,,,,,,,,,,,,,,,,,,,,,,,,,,,,,,,,,,,,,,,,,,,,14848,11206,2795,59,,,666,,122,1,,,,,,,,,,,,,,,0,0
CA0410005,CA Water Service Co - Oroville,Joe,3020,727,,,,,,,,,413,,,,,,,,,,,,,,,,,,,,,,,,,,,,,,,,,,1880,,,,,,,,,,,,,,,,,,,,,,,,,,,,,,,,,,,,,,,,,,,,2565,1006,801,445,,,300,,14,0,,,,,,,,,,,,,,,0,1
CA1910104,CA Water Service Co - Palos Verdes,Joe,19084,,,,,,,,,,,,,,,,,,,,,,,,,,,,,,,,,,19084,,,,,,,,,,,,,,,,,,,,,,,,,,,,,,,,,,,,,,,,,,,,,,,,,,,,,,18163,15026,2354,,,,772,,10,1,,,,,,,,,,,,,,,0,-1
CA4910018,CA Water Service Co - Redwood Valley,Joe,424,111,,,,,,,,,,,,,,,,,,,,,,,,,,,,,,,,,,,,,,,,,,,,6,307,,,,,,,,,,,,,,,,,,,,,,,,,,,,,,,,,,,,,,,,,,323,299,19,,,,4,,,0,,,,,,,,,,,,,,,0,-1
CA2710010,CA Water Service Co - Salinas,Joe,16940,16940,,,,,,,,,,,,,,,,,,,,,,,,,,,,,,,,,,,,,,,,,,,,,,,,,,,,,,,,,,,,,,,,,,,,,,,,,,,,,,,,,,,,,,,15216,9292,4155,1021,,,732,,16,0,,,,,,,,,,,,,,,0,0
CA1010024,CA Water Service Co - Selma,Joe,6000,6000,,,,,,,,,,,,,,,,,,,,,,,,,,,,,,,,,,,,,,,,,,,,,,,,,,,,,,,,,,,,,,,,,,,,,,,,,,,,,,,,,,,,,,,5520,4476,628,64,,,345,,6,1,,,,,,,,,,,,,,,0,-1
CA4110009,CA Water Service Co - South San Francisco,Joe,8465,452,,,,,,,8013,,,,,,,,,,,,,,,,,,,,,,,,,,,,,,,,,,,,,,,,,,,,,,,,,,,,,,,,,,,,,,,,,,,,,,,,,,,,,,,,8084,3491,3525,716,,,350,,2,4,,,,,,,,,,,,,,,0,0
CA5410041,CA Water Service Co - Visalia,Joe,31762,31762,,,,,,,,,,,,,,,,,,,,,,,,,,,,,,,,,,,,,,,,,,,,,,,,,,,,,,,,,,,,,,,,,,,,,,,,,,,,,,,,,,,,,,,29221,20612,5898,269,,,2404,,39,0,,,,,,,,,,,,,,,0,1
CA1110003,CA Water Service Co - Willows,Joe,1937,1937,,,,,,,,,,,,,,,,,,,,,,,,,,,,,,,,,,,,,,,,,,,,,,,,,,,,,,,,,,,,,,,,,,,,,,,,,,,,,,,,,,,,,,,1782,1442,236,,,,102,,2,0,,,,,,,,,,,,,,,0,0
CA4310001,Ca Water Service Co - Los Altos Suburban District,Joe,11648,3396,,,,,,,,,,,,,,,,,,,,,,,,,,,,,,,,,,,,,,,,,,,,,,8252,,,,,,,,,,,,,,,,,,,,,,,,,,,,,,,,,,,,,,,,,12302,9453,2318,22,,,499,,10,0,,,,,,,,,,,,,,,0,0
CA1310002,"Calexico, City of",Joe,,,,,,,,,,,,,,,,,,,,,,,,,,,,,,,,,,,,,,,,,,,,,,,,,,,,,,,,,,,,,,,,,,,,,,,,,,,,,,,,,,,,,,,,,,,,,,,,,,,,,,,,,,,,,,,,,0,0
CA5610050,Calleguas Municipal Water District,Joe,173455,40094,,800,6947,,7068,,,118546,,,,,,,,,,,,,,,,,,,,,,,,,,,,,,,,,,,,,,,,,,,,,,,,,,,,,,,,,,,,,,,,,,,,,,,,,,,,,,,173455,,,,,,,173455,,1,,,,,,,,,,,,,,,0,0
CA5610019,"Camarillo, City of",Joe,8586,4036,,,,,,,,,,,,,,,,,,,,,,,,,,,,,,,,,,,,,,,,,,,,,,,4550,,,,,,,,,,,,,,,,,,,,,,,,,,,,,,,,,,,,,,,,8585,4873,1133,59,1791,337,,,39,1,,,,,,,,,,,,,,,0,-353
CA4010014,Cambria Community Services District,Joe,810,810,,,,,,,,,,,,,,,,,,,,,,,,,,,,,,,,,,,,,,,,,,,,,,,,,,,,,,,,,,,,,,,,,,,,,,,,,,,,,,,,,,,,,,,619,466,140,,,,5,,9,1,,,,,,,,,,,,,,,0,1
CA5610063,Camrosa Water District,Joe,19561,3547,8853,,1522,,,,,,,,,,,,,,,,,,,,,,,,,,,,,,,,,,,,,,,,,,,,5639,,,,,,,,,,,,,,,,,,,,,,,,,,,,,,,,,,,,,,,,15025,5397,1832,,653,6018,422,,703,7,,,,,,,,,,,,,,,0,0
CA3710005,Carlsbad Municipal Water District,Joe,16170,,,,,,,,,,,,,,,,,,,,,,,,,,,,,,,,,,,,,,,,,,,,,,,,,16170,,,,,,,,,,,,,,,,,,,,,,,,,,,,,,,,,,,,,,,15076,9734,2868,,1932,420,122,,,2,,,,,,,,,,,,,,,0,0
CA3410004,Carmichael Water District,Owen,40783,8156,32627,0,0,,,,0,,0,,,0,,,0,,,,,,,,,,,,,,,,,,,,,,,,,,,,,,,,,,,,,,,,,,,,,,,,,,,,,,,,,,,,,,,,,,,,,,,,9732,8560,642,0,347,0,183,0,0,2,,,,,,,,,,,,,,,0,0
CA4210001,Carpenteria Valley Water District,Owen,5513,1500,0,0,0,,,,0,,1200,,,0,,,0,2813,,,,,,,,,,,,,,,,,,,,,,,,,,,,,,,,,,,,,,,,,,,,,,,,,,,,,,,,,,,,,,,,,,,,,,,3718,1330,339,68,103,1582,90,0,206,4,,,,,,,,,,,,,,,0,0
CA5610024,Casitas Municipal Water District,Owen,20840,300,20540,0,0,,,,0,,0,,,0,,,0,0,,,,,,,,,,,,,,,,,,,,,,,,,,,,,,,,,,,,,,,,,,,,,,,,,,,,,,,,,,,,,,,,,,,,,,,18209,2076,775,197,0,8755,364,6458,,4,,,,,,,,,,,,,,,0,416
CA1910048,Castaic Lake Water Agency,Owen,108402,31110,0,0,325,,,,0,,64360,,,0,,,0,0,,,11000,1607,,,,,,,,,,,,,,,,,,,,,,,,,,,,,,,,,,,,,,,,,,,,,,,,,,,,,,,,,,,,,,,,,,,69973,0,0,0,0,0,0,69973,,,,,,,,,,,,,,,,,0,0
CA1910017,Castaic Lake Water Agency Santa Clarita Water Division,Owen,27816,,,,,,,,,,,,,,,,,,,,,,,,,,,,,,,,,,,,,,,,,,,,,,,,,,,,,,,,,,,,,,,,,,,,,,,,,,,,,,,,,,,,27816,,,,27816,20389,1029,445,5090,0,862,0,,,,,,,,,,,,,,,,,-27816,-1
CA1910253,Central Basin Municipal Water District,Owen,244393,174318,,,6632,,,,,63443,,,,,,,,,,,,,,,,,,,,,,,,,,,,,,,,,,,,,,,,,,,,,,,,,,,,,,,,,,,,,,,,,,,,,,,,,,,,,,,244393,0,0,0,0,0,0,244393,0,4,,,,,,,,,,,,,,,0,0
CA5010028,"Ceres, City of",Owen,8284,8284,0,0,0,,,,,,,,,,,,,,,,,,,,,,,,,,,,,,,,,,,,,,,,,,,,,,,,,,,,,,,,,,,,,,,,,,,,,,,,,,,,,,,,,,,,7041,5633,704,70,352,0,282,0,0,2,,,,,,,,,,,,,,,0,0
CA1910019,"Cerritos, City of",Owen,11470,9310,0,0,1870,,,,,290,,,,,,,,,,,,,,,,,,,,,,,,,,,,,,,,,,,,,,,,,,,,,,,,,,,,,,,,,,,,,,,,,,,,,,,,,,,,,,,8307,5550,1992,0,189,18,0,0,88,3,,,,,,,,,,,,,,,0,-470
CA3610012,"Chino, City of",Owen,23466,7441,0,5030,8393,,,,,2602,,,,,,,,,,,,,,,,,,,,,,,,,,,,,,,,,,,,,,,,,,,,,,,,,,,,,,,,,,,,,,,,,,,,,,,,,,,,,,,14379,8823,2247,401,2477,265,0,0,6,4,,,,,,,,,,,,,,,0,-160
CA3610036,"Chino Hills, City of",Owen,17514,2349,0,4395,1525,,,,,1114,,,,,,,,,,,,,,,,,,,,,,,,,,,,,,,,,,,,,,,,,,,,,,,,,,,,,,,,,,,,,,,,,,,,,,,,,,,,,,,16080,10797,3753,0,1499,30,0,0,0,5,,,,,,,,,,,,,,,-8131,-1
CA3410006,Citrus Heights Water District,Owen,13676,1560,12156,0,0,,,,,,,,,,,,,,,,,,,,,,,,,,,,,,,,,,,,,,,,,,,,,,,,,,,,,,,,,,,,,,,,,,,,,,,,,,,,,,,,,,,,13676,10456,970,0,929,0,293,0,1028,3,,,,,,,,,,,,,,,40,0
CA1010003,"Clovis, City of",Owen,56906,18200,26748,0,2237,9315,,,,,,,,,,,,,,,,,406,,,,,,,,,,,,,,,,,,,,,,,,,,,,,,,,,,,,,,,,,,,,,,,,,,,,,,,,,,,,,,,,,,23841,18622,3028,257,1289,0,383,0,262,2,,,,,,,,,,,,,,,0,0
CA3310007,"Coachella, City of",Owen,2692,2692,0,0,0,0,,,,,,,,,,,,,,,,,,,,,,,,,,,,,,,,,,,,,,,,,,,,,,,,,,,,,,,,,,,,,,,,,,,,,,,,,,,,,,,,,,,2691,1733,376,43,312,0,0,0,227,4,,,,,,,,,,,,,,,0,0
CA4110011,Coastside Co Water District,Owen,2265,19,208,0,0,0,,,2038,,,,,,,,,,,,,,,,,,,,,,,,,,,,,,,,,,,,,,,,,,,,,,,,,,,,,,,,,,,,,,,,,,,,,,,,,,,,,,,,2221,1363,279,0,202,293,78,0,5,3,,,,,,,,,,,,,,,0,-1
CA3610014,"Colton, City of",Owen,10402,,,,,,,,,,,,,,,,,,,,,,,,,,,,,,,,,,,,,,,,,,,,,,,,,,,10402,,,,,,,,,,,,,,,,,,,,,,,,,,,,,,,,,,,,,10402,5901,4056,413,0,0,0,0,32,,,,,,,,,,,,,,,,0,0
CA1910026,"Compton, City of",Owen,8929,6326,0,0,0,0,,,,2603,,,,,,,,,,,,,,,,,,,,,,,,,,,,,,,,,,,,,,,,,,,,,,,,,,,,,,,,,,,,,,,,,,,,,,,,,,,,,,,7111,5232,1047,299,0,0,532,0,1,2,,,,,,,,,,,,,,,0,0
CA0710003,Contra Costa Water District,Owen,214900,3000,19500,0,8500,0,,6000,,,,,,,,,,,,,,,,,,,,,,170000,,,,,,,,,,,,,,,,,,,,,,,,,,,,,,,,,,,,,,,,,,,,,,,,,,,,,,,,,,,114670,21690,3430,33829,2620,1690,860,39470,11080,4,,,,,,,,,,,,,,,-7900,-1
CA3310037,"Corona, City of",Owen,35953,19218,0,0,3308,0,,,,13427,,,,,,,,,,,,,,,,,,,,,,,,,,,,,,,,,,,,,,,,,,,,,,,,,,,,,,,,,,,,,,,,,,,,,,,,,,,,,,,44331,29324,4198,1622,4177,33,2760,0,0,2,,,,,,,,,,,,,,,0,-2217
CA0810001,"Crescent City, City of",Owen,1194,1194,0,0,0,0,,,,,,,,,,,,,,,,,,,,,,,,,,,,,,,,,,,,,,,,,,,,,,,,,,,,,,,,,,,,,,,,,,,,,,,,,,,,,,,,,,,667,245,213,12,0,0,0,0,197,1,,,,,,,,,,,,,,,0,0
CA1910028,Crescenta Valley Water District,Owen,4422,2701,0,0,0,0,,,,1721,,,,,,,,,,,,,,,,,,,,,,,,,,,,,,,,,,,,,,,,,,,,,,,,,,,,,,,,,,,,,,,,,,,,,,,,,,,,,,,4442,3893,203,0,164,0,165,0,,,,,,,,,,,,,,,,,0,-17
CA3610015,Crestline Village Water District,Owen,707,490,0,0,0,0,,,,,217,,,,,,,,,,,,,,,,,,,,,,,,,,,,,,,,,,,,,,,,,,,,,,,,,,,,,,,,,,,,,,,,,,,,,,,,,,,,,,,643,21,0,0,0,4,0,0,,,,,,,,,,,,,,,,0,668
CA3610018,Cucamonga Valley Water District,Owen,50463,23679,3954,0,2462,0,,,,28369,,,,,,,,,,,,,,,,,,,,,,,,,,,,,,,,,,,,,,,,,,,,,,,,,,,,,,,,,,,,,,,,,,,,,,,,,,,,,,,46702,30446,16241,0,0,0,0,0,13,2,,,,,,,,,,,,,,,8001,-2
CA4110013,"Daly City, City of",Owen,7850,1743,0,0,547,,,,5560,,,,,,,,,,,,,,,,,,,,,,,,,,,,,,,,,,,,,,,,,,,,,,,,,,,,,,,,,,,,,,,,,,,,,,,,,,,,,,,,6946,5616,976,0,131,0,223,0,0,4,,,,,,,,,,,,,,,0,0
CA5710001,Davis City of,Owen,15000,15000,0,0,0,0,,,,,,,,,,,,,,,,,,,,,,,,,,,,,,,,,,,,,,,,,,,,,,,,,,,,,,,,,,,,,,,,,,,,,,,,,,,,,,,,,,,10734,8392,1481,0,300,0,0,0,560,2,,,,,,,,,,,,,,,0,-1
CA1510005,"Delano, City of",Owen,14092,9271,0,0,4821,0,,,,,,,,,,,,,,,,,,,,,,,,,,,,,,,,,,,,,,,,,,,,,,,,,,,,,,,,,,,,,,,,,,,,,,,,,,,,,,,,,,,6276,3235,700,620,6,0,1716,0,0,0,,,,,,,,,,,,,,,0,1
CA3310005,Desert Water Agency,Owen,61000,7000,5900,0,4500,16100,,,,,27500,,,,,,,,,,,,,,,,,,,,,,,,,,,,,,,,,,,,,,,,,,,,,,,,,,,,,,,,,,,,,,,,,,,,,,,,,,,,,,44400,29600,12800,0,0,0,2000,0,0,0,,,,,,,,,,,,,,,0,0
CA0710007,Diablo Water District,Owen,9433,1031,0,0,0,0,,,,,,,,,,,,,,,,,,,,,,,,8403,,,,,,,,,,,,,,,,,,,,,,,,,,,,,,,,,,,,,,,,,,,,,,,,,,,,,,,,,,,5573,4474,438,3,390,0,0,0,184,4,,,,,,,,,,,,,,,1,-84
CA5410002,"Dinuba, City of",Owen,4830,4830,0,0,0,0,,,,,,,,,,,,,,,,,,,,,,,,,,,,,,,,,,,,,,,,,,,,,,,,,,,,,,,,,,,,,,,,,,,,,,,,,,,,,,,,,,,4509,2995,602,511,0,0,401,0,0,1,,,,,,,,,,,,,,,0,0
CA1910034,"Downey, City of",Owen,16941,16209,0,0,742,0,,,,,,,,,,,,,,,,,,,,,,,,,,,,,,,,,,,,,,,,,,,,,,,,,,,,,,,,,,,,,,,,,,,,,,,,,,,,,,,,,,,15419,11741,1869,964,234,0,611,0,0,2,,,,,,,,,,,,,,,10,0
CA0110009,Dublin San Ramon Service District,Owen,11029,0,0,0,1729,0,,,,,,,,,,,,,,,,,,,,,,,,,,,,,,,,,,,,,,9300,,,,,,,,,,,,,,,,,,,,,,,,,,,,,,,,,,,,,,,,,,,,,10065,5792,835,0,1376,0,798,0,1264,8,,,,,,,,,,,,,,,0,-964
CA0110005,East Bay Municipal Utility District,Owen,233111,0,193111,0,10080,0,29120,,,,,,,,,,,,,,,,,,,,,,,,,,,,,,,,,,,,,,,,,,,,,,,,,,,,,,,,,,,,,,,,,,,,,,,,,,,,,,,,,,241951,169142,29124,24643,10081,0,8961,0,0,,,,,,,,,,,,,,,,-800,0
CA1510006,East Niles Community Services District,Owen,8962,3791,0,0,0,0,,,,,,,,,,,,,,,,,,,,,,,5171,,,,,,,,,,,,,,,,,,,,,,,,,,,,,,,,,,,,,,,,,,,,,,,,,,,,,,,,,,,,7719,5751,921,421,606,20,0,0,0,0,,,,,,,,,,,,,,,0,0
CA3010068,East Orange County Water District,Owen,5363,699,0,0,0,0,,,,4664,,,,,,,,,,,,,,,,,,,,,,,,,,,,,,,,,,,,,,,,,,,,,,,,,,,,,,,,,,,,,,,,,,,,,,,,,,,,,,,1128,1089,38,0,0,1,0,0,0,4,,,,,,,,,,,,,,,0,0
CA4110024,"East Palo Alto, City of",Owen,2050,17,0,0,0,0,,,2033,,,,,,,,,,,,,,,,,,,,,,,,,,,,,,,,,,,,,,,,,,,,,,,,,,,,,,,,,,,,,,,,,,,,,,,,,,,,,,,,1906,1517,202,108,0,0,62,0,0,,,,,,,,,,,,,,,,0,-17
CA3610064,East Valley Water District,Owen,21093,,,,,,,,,,,,,,,,,,,,,,,,,,,,,,,,,,,,,,,,,,,,,,,,,,,21093,,,,,,,,,,,,,,,,,,,,,,,,,,,,,,,,,,,,,21093,12771,6399,0,1923,0,0,0,0,,,,,,,,,,,,,,,,0,0
CA3310009,Eastern Municipal Water District,Owen,154700,15800,0,5800,41500,0,,,,91600,,,,,,,,,,,,,,,,,,,,,,,,,,,,,,,,,,,,,,,,,,,,,,,,,,,,,,,,,,,,,,,,,,,,,,,,,,,,,,,77700,60100,4200,400,8900,1800,2300,0,0,4,,,,,,,,,,,,,,,0,0
CA1310004,"El Centro, City of",Owen,8029,0,0,0,0,0,,,,,,,,,,,,,,,,,,,,,,,,,8029,,,,,,,,,,,,,,,,,,,,,,,,,,,,,,,,,,,,,,,,,,,,,,,,,,,,,,,,,,7456,5296,1527,6,263,0,364,0,0,,,,,,,,,,,,,,,,0,0
CA0910001,El Dorado Irrigation District,Owen,70274,0,59640,0,3084,0,,,,,,,,,,,,,,,,,,,,,,,,,,,,,,,,,,,,,,,,,,,,,,,,,,,,,,,,,,,,,,,,,,,,,,,,,,,7550,,,,,,,,27761,16325,2479,0,1073,5431,0,0,2453,0,,,,,,,,,,,,,,,-7550,0
CA1910038,"El Monte, City of",Owen,2678,2678,0,0,0,0,,,,,,,,,,,,,,,,,,,,,,,,,,,,,,,,,,,,,,,,,,,,,,,,,,,,,,,,,,,,,,,,,,,,,,,,,,,,,,,,,,,2632,1628,803,314,93,0,0,0,0,2,,,,,,,,,,,,,,,0,206
CA3010079,El Toro Water District,Owen,9850,0,0,0,450,0,,,,9400,,,,,,,,,,,,,,,,,,,,,,,,,,,,,,,,,,,,,,,,,,,,,,,,,,,,,,,,,,,,,,,,,,,,,,,,,,,,,,,9850,5813,1075,0,2899,0,63,0,0,0,,,,,,,,,,,,,,,0,0
CA3410008,Elk Grove Water District,Owen,6720,3785,0,0,0,0,,,,,,,,,,,,,,,,,,,,,,,,,,,,,,,,,,,,,,,,,,,,,,,,,,,,,,,,,,,,,,,,,,,,,,,,,,,,,,,,2935,,,5451,,,,,,,,,,,,,,,,,,,,,,,,-2935,-5451
CA3310012,Elsinore Valley Municipal Water District,Owen,51928,2978,4900,0,449,0,8401,,,35200,,,,,,,,,,,,,,,,,,,,,,,,,,,,,,,,,,,,,,,,0,,,,,,,,,,,,,,,,,,,,,,,,,,,,,,,,,,,,,,,25837,14601,517,1526,4865,2170,320,505,1333,3,,,,,,,,,,,,,,,0,0
CA3710006,"Escondido, City of",Owen,26375,0,1596,0,3692,0,,,,,,,,,,,,,,,,,,,,,,,,,,,,,,,,,,,,,,,,,,,,21087,,,,,,,,,,,,,,,,,,,,,,,,,,,,,,,,,,,,,,,15030,25578,2411,353,2816,4314,654,0,0,1,,,,,,,,,,,,,,,0,21096
CA4110021,Estero Municipal-Foster City,Owen,6600,0,0,0,0,0,,,6600,,,,,,,,,,,,,,,,,,,,,,,,,,,,,,,,,,,,,,,,,,,,,,,,,,,,,,,,,,,,,,,,,,,,,,,,,,,,,,,,5407,3219,506,71,1141,0,0,0,468,3,,,,,,,,,,,,,,,0,-2
CA1210004,"Eureka, City of",Owen,84000,0,0,0,0,0,0,,,,,,,,,,,,,,,,,,,,84000,,,,,,,,,,,,,,,,,,,,,,,,,,,,,,,,,,,,,,,,,,,,,,,,,,,150,,,,,,,,,,,2949,1870,1079,0,0,0,0,0,0,,,,,,,,,,,,,,,,0,0
CA5410003,"Exeter, City of",Owen,,,,,,,,,,,,,,,,,,,,,,,,,,,,,,,,,,,,,,,,,,,,,,,,,,,,,,,,,,,,,,,,,,,,,,,,,,,,,,,,,,,,,,,,,,,,,,,,,,,,,,,,,,,,,,,,,0,0
CA3410009,Fair Oaks Water District,Owen,11800,1194,0,0,0,0,,,,,,,,,,,,,,,,,,,,,,,,,,,,,,,,,,,,,,,,,,,,,,,,,,,,,,,,,10606,,,,,,,,,,,,,,,,,,,,,,,,,,11800,618,1050,0,382,0,0,0,9750,2,,,,,,,,,,,,,,,0,0
CA4810003,"Fairfield, City of",Owen,52730,0,0,0,0,0,0,,,,25030,,,,,,,,,,,,,,,,,,,,,,,,,,,,,,,,,,,,,,,,,,,,,,,,,,,,,,,,,,,,,,,,,,,,,27700,,,,,,,,,17674,10879,1231,1808,3149,0,509,0,101,,,,,,,,,,,,,,,,-27700,3
CA3710008,Fallbrook PUD,Owen,12242,0,20,0,485,0,,,,,,,,,,,,,,,,,,,,,,,,,,,,,,,,,,,,,,,,,,,,11737,,,,,,,,,,,,,,,,,,,,,,,,,,,,,,,,,,,,,,,10797,5578,505,0,0,4530,184,0,0,,,,,,,,,,,,,,,,0,0
CA3410014,"Folsom, City of",Owen,46790,3250,0,0,0,0,,,,,,,,,5000,,,,22000,,,,,,,,,,,7000,,,,,,,,,,,,,,,,,,,,,,,,,,,,,,,,,1322,,,,,,,,,,,,,,,,,,,,,,,,,,26423,9838,6006,349,4152,0,509,0,2893,1,,,,,,,,,,,,,,,-8218,-2676
CA1910032,Foothill Municipal Water District,Owen,10194,0,0,0,104,0,,,,10090,,,,,,,,,,,,,,,,,,,,,,,,,,,,,,,,,,,,,,,,,,,,,,,,,,,,,,,,,,,,,,,,,,,,,,,,,,,,,,,,,,,,,,,,,,,,,,,,,,,,,,,0,0
CA1210006,"Fortuna, City of",Owen,1350,1350,0,0,0,0,,,,,,,,,,,,,,,,,,,,,,,,,,,,,,,,,,,,,,,,,,,,,,,,,,,,,,,,,,,,,,,,,,,,,,,,,,,,,,,,,,,1350,1007,190,114,40,0,0,0,0,0,,,,,,,,,,,,,,,0,0
CA3010069,"Fountain Valley, City of",Owen,10615,5651,0,0,1500,0,,,,3464,,,,,,,,,,,,,,,,,,,,,,,,,,,,,,,,,,,,,,,,,,,,,,,,,,,,,,,,,,,,,,,,,,,,,,,,,,,,,,,10615,6390,1148,308,2094,8,667,0,0,2,,,,,,,,,,,,,,,0,0
CA1010007,"Fresno, City of",Owen,322670,128578,0,0,176,0,,,,,,,,,,,,,,,,,132541,,,,,,,61375,,,,,,,,,,,,,,,,,,,,,,,,,,,,,,,,,,,,,,,,,,,,,,,,,,,,,,,,,,,132347,95490,20754,6660,9286,0,0,0,157,3,,,,,,,,,,,,,,,0,0
CA3410023,Fruitridge Vista Water Co,Owen,10866,7236,0,0,0,0,,,,,,,,,,,,,,,,,,,,,,,,,,,,,,3629,,,,,,,,,,,,,,,,,,,,,,,,,,,,,,,,,,,,,,,,,,,,,,,,,,,,,3779,3706,48,0,5,0,22,0,0,,,,,,,,,,,,,,,,-1,2
CA3010010,"Fullerton, City of",Owen,27860,17273,0,0,0,0,,,,10587,,,,,,,,,,,,,,,,,,,,,,,,,,,,,,,,,,,,,,,,,,,,,,,,,,,,,,,,,,,,,,,,,,,,,,,,,,,,,,,25975,16657,4810,2642,1265,15,586,0,0,2,,,,,,,,,,,,,,,0,0
CA3410011,"Galt, City of",Owen,5174,5174,0,0,0,0,,,,,,,,,,,,,,,,,,,,,,,,,,,,,,,,,,,,,,,,,,,,,,,,,,,,,,,,,,,,,,,,,,,,,,,,,,,,,,,,,,,5174,2593,2348,0,233,0,0,0,0,0,,,,,,,,,,,,,,,0,0
CA3010062,"Garden Grove, City of",Owen,28792,17851,0,0,0,0,,,,10941,,,,,,,,,,,,,,,,,,,,,,,,,,,,,,,,,,,,,,,,,,,,,,,,,,,,,,,,,,,,,,,,,,,,,,,,,,,,,,,28792,20332,4051,1297,1037,4,2072,0,0,2,,,,,,,,,,,,,,,0,1
CA0910013,Georgetown Divide Public Utility District,Owen,12200,0,12200,0,0,0,,,,,,,,,,,,,,,,,,,,,,,,,,,,,,,,,,,,,,,,,,,,,,,,,,,,,,,,,,,,,,,,,,,,,,,,,,,,,,,,,,,5979,1397,244,0,0,4280,15,0,43,0,,,,,,,,,,,,,,,0,0
CA4310004,"Gilroy, City of",Owen,15340,7836,0,0,7504,0,0,,,,,,,,,,,,,,,,,,,,,,,,,,,,,,,,,,,,,,,,,,,,,,,,,,,,,,,,,,,,,,,,,,,,,,,,,,,,,,,,,,7324,5000,1135,323,861,0,0,0,4,4,,,,,,,,,,,,,,,0,-1
CA1910043,"Glendale, City of",Owen,28000,9788,0,0,1662,0,,,,16550,,,,,,,,,,,,,,,,,,,,,,,,,,,,,,,,,,,,,,,,,,,,,,,,,,,,,,,,,,,,,,,,,,,,,,,,,,,,,,,26448,19785,3698,468,982,0,0,0,1515,,,,,,,,,,,,,,,,0,0
CA1910044,"Glendora, City of",Owen,11718,11012,9,,,,,,,,,,,,,,,,,,,,,,,,,,,,,,,,,,,,,,,,,,,,,,,,696,,,,,,,,,,,,,,,,,,,,,,,,,,,,,,,,,,,,,,11718,,,,,,,,,,,,,,,,,,,,,,,,-1,-11718
CA1510045,Golden Hills Community Services District,Owen,1469,1469,0,0,0,0,,,,,,,,,,,,,,,,,,,,,,,,,,,,,,,,,,,,,,,,,,,,,,,,,,,,,,,,,,,,,,,,,,,,,,,,,,,,,,,,,,,1295,,,,,,,,,1,,,,,,,,,,,,,,,0,-1295
CA1910004,Golden State Water Company - Artesia,Owen,5613,5166,0,0,56,0,,,,,,,,,,,,,,391,,,,,,,,,,,,,,,,,,,,,,,,,,,,,,,,,,,,,,,,,,,,,,,,,,,,,,,,,,,,,,,,,,,,,5413,3969,710,239,116,0,319,0,60,,,,,,,,,,,,,,,,0,0
CA3610043,Golden State Water Company - Barstow,Owen,7295,7295,0,0,0,0,,,,,,,,,,,,,,,,,,,,,,,,,,,,,,,,,,,,,,,,,,,,,,,,,,,,,,,,,,,,,,,,,,,,,,,,,,,,,,,,,,,6257,3442,1656,24,340,0,771,0,24,,,,,,,,,,,,,,,,0,0
CA0710002,Golden State Water Company - Bay Point,Runsheng,2190,235,,,,,,,,,,,,,,,,,,,,,,,,1954,,,,,,,,,,,,,,,,,,,,,,,,,,,,,,,,,,,,,,,,,,,,,,,,,,,,,,,,,,,,,,,1913,1421,48,273,107,,63,,1,3,,,,,,,,,,,,,,,-1,0
CA1910011,Golden State Water Company - Bell-Bell Gardens,Runsheng,5333,5141,,,130,,,,,,,,,,,,,,,,,,,,,,,,,61,,,,,,,,,,,,,,,,,,,,,,,,,,,,,,,,,,,,,,,,,,,,,,,,,,,,,,,,,,,5130,3760,628,287,158,7,146,,14,3,,,,,,,,,,,,,,,-1,-130
CA1910024,Golden State Water Company - Claremont,Runsheng,10620,5803,,,0,,,,,,,,,,,,,,,,,,,,,,,,,,,,,,,,,,,,,,,,,,,,,,4817,,,,,,,,,,,,,,,,,,,,,,,,,,,,,,,,,,,,,,9718,6424,776,53,959,0,1482,,24,,,,,,,,,,,,,,,,0,0
CA3410015,Golden State Water Company - Cordova,Runsheng,16479,6651,9827,,,,,,,,,,,,,,,,,,,,,,,,,,,,,,,,,,,,,,,,,,,,,,,,,,,,,,,,,,,,,,,,,,,,,,,,,,,,,,,,,,,,,,15438,11223,2759,91,1055,,310,,,,,,,,,,,,,,,,,,-1,0
CA3010047,Golden State Water Company - Cowan Heights,Runsheng,2557,1478,0,,0,,,,,,,,,,,,,,,,,,,,,,,,,,,,,,,,,,,,,,,,,,,,,,,,,,,,,,1079,,,,,,,,,,,,,,,,,,,,,,,,,,,,,,2390,2178,5,,186,,14,,7,3,,,,,,,,,,,,,,,0,0
CA1910030,Golden State Water Company - Culver City,Runsheng,5454,0,0,,0,,,,,,,,,,,,,,,,,,,,,,,,,,,,,,5454,,,,,,,,,,,,,,,,,,,,,,,,,,,,,,,,,,,,,,,,,,,,,,,,,,,,,,5024,2856,1087,175,543,1,356,,6,3,,,,,,,,,,,,,,,0,0
CA1910077,Golden State Water Company - Florence-Graham,Runsheng,5163,3388,0,,,,,,,,,,,,,,,,,,,,,,,,,,,,,,,,,,,,,,,,1775,,,,,,,,,,,,,,,,,,,,,,,,,,,,,,,,,,,,,,,,,,,,,,4788,3810,444,325,93,13,89,,14,3,,,,,,,,,,,,,,,0,0
CA1910098,Golden State Water Company - Norwalk,Runsheng,4986,2659,,,277,,,,,,,,,,,,,,,,,,,,,,,,,,,,,,,,,,,,,,2050,,,,,,,,,,,,,,,,,,,,,,,,,,,,,,,,,,,,,,,,,,,,,,4770,3409,363,48,147,0,529,,0,3,,,,,,,,,,,,,,,0,-274
CA5610014,Golden State Water Company - Ojai,Runsheng,2007,1741,0,0,0,,,,,,,,,,,,,,,,,,,,,,,,,,,,,,,,,,,,,,,,,,,,,,,,,,,,,,,,265,,,,,,,,,,,,,,,,,,,,,,,,,,,,1779,1326,263,2,135,0,23,,30,3,,,,,,,,,,,,,,,-1,0
CA4210016,Golden State Water Company - Orcutt,Runsheng,7299,7207,0,0,,,,,,,92,,,,,,,,,,,,,,,,,,,,,,,,,,,,,,,,,,,,,,,,,,,,,,,,,,,,,,,,,,,,,,,,,,,,,,,,,,,,,,6594,5623,140,29,486,0,284,,32,3,,,,,,,,,,,,,,,0,0
CA3010035,Golden State Water Company - Placentia,Runsheng,7522,4429,,,,,,,,,,,,,,,,,,,,,,3093,,,,,,,,,,,,,,,,,,,,,,,,,,,,,,,,,,,,,,,,,,,,,,,,,,,,,,,,,,,,,,,,,6797,4837,482,169,917,32,354,,6,3,,,,,,,,,,,,,,,0,0
CA1910142,Golden State Water Company - San Dimas,Runsheng,11922,3730,190,0,0,0,,,,,,,,,,,,,,,,,,,,,,,,,,,,,,,,,,,,,,,,,,,,,7967,,,,,,34,,,,,,,,,,,,,,,,,,,,,,,,,,,,,,,,11085,7030,1930,204,1234,1,684,,2,3,,,,,,,,,,,,,,,-1,0
CA5610059,Golden State Water Company - Simi Valley,Runsheng,6513,831,0,,,,,,,,,,,,,,,,,,,,,,,,,,,,,,,,,,,,,5682,,,,,,,,,,,,,,,,,,,,,,,,,,,,,,,,,,,,,,,,,,,,,,,,,6131,4875,437,32,560,,32,,1,3,,,,,,,,,,,,,,,0,-194
CA1910212,Golden State Water Company - South Arcadia,Runsheng,3395,3395,0,0,0,0,,,,,,,,,,,,,,,,,,,,,,,,,,,,,,,,,,,,,,,,,,,,,,,,,,,,,,,,,,,,,,,,,,,,,,,,,,,,,,,,,,,3364,2614,510,41,99,0,100,,1,3,,,,,,,,,,,,,,,0,1
CA1910223,Golden State Water Company - South San Gabriel,Runsheng,2689,2352,,,,,,,,,,,,,,,,,,,,,,,,,,,,,,,338,,,,,,,,,,,,,,,,,,,,,,,,,,,,,,,,,,,,,,,,,,,,,,,,,,,,,,,,2575,2026,379,2,64,0,101,,3,3,,,,,,,,,,,,,,,1,0
CA1910155,Golden State Water Company - Southwest,Runsheng,29886,17073,,,219,,,,,,,,,,,,,,,,,,,,,,,,,,,,,,,,,,,,,,12594,,,,,,,,,,,,,,,,,,,,,,,,,,,,,,,,,,,,,,,,,,,,,,28013,19789,4425,1921,755,4,873,,246,3,,,,,,,,,,,,,,,0,0
CA3010022,Golden State Water Company - West Orange,Runsheng,15287,10260,,,,,,,,,,,,,,,,,,,,,,,,,,,,,,,,,,,,,,,,,,,,,,,,,,,,,,,,,,,,,,,,,,,45,,,,4982,,,,,,,,,,,,,,,,13831,9435,1845,273,1229,44,992,,13,3,,,,,,,,,,,,,,,0,0
CA4210004,Goleta Water District,Runsheng,16222,2350,,,1150,,,,,,3800,,,,,,,9322,,,,,,,,,,,,,,,,,,,,,,,,,,,,,,,,,,,,,,,,,,,,,,,,,,,,,,,,,,,,,,,,,,,,,,,16293,14919,1006,0,203,165,0,,,4,,,,,,,,,,,,,,,400,0
CA4310022,Great Oaks Water Company,Runsheng,35000,35000,,,,,,,,,,,,,,,,,,,,,,,,,,,,,,,,,,,,,,,,,,,,,,,,,,,,,,,,,,,,,,,,,,,,,,,,,,,,,,,,,,,,,,,10536,8298,765,212,568,0,313,,350,1,,,,,,,,,,,,,,,0,-30
CA5510009,Groveland Community Services District,Runsheng,,,,,,,,,,,,,,,,,,,,,,,,,,,,,,,,,,,,,,,,,,,,,,,,,,,,,,,,,,,,,,,,,,,,,,,,,,,,,,,,,,,,,,,,,,,,,,,,,,,,,,,,,,,,,,,,,0,0
CA4010004,"Grover Beach, City of",Runsheng,2207,,,,,,,,,,,,,,,,,,,,,,,,,,,,,,,,,,,,,,,,,,,,,,,,,,,,,,,,,,,,,,,,,,,,,,,,,,,,,,,,,,,,,,,,,,,,,,,,,,,,,,,,,,,,,,,,-2207,0
CA1610003,"Hanford, City of",Runsheng,,,,,,,,,,,,,,,,,,,,,,,,,,,,,,,,,,,,,,,,,,,,,,,,,,,,,,,,,,,,,,,,,,,,,,,,,,,,,,,,,,,,,,,,,,,,,,,,,,,,,,,,,,,,,,,,,0,0
CA1910047,"Hawthorne, City of",Runsheng,,,,,,,,,,,,,,,,,,,,,,,,,,,,,,,,,,,,,,,,,,,,,,,,,,,,,,,,,,,,,,,,,,,,,,,,,,,,,,,,,,,,,,,,,,,,,,,,,,,,,,,,,,,,,,,,,0,0
CA0110006,"Hayward, City of",Runsheng,,,,,,,,,,,,,,,,,,,,,,,,,,,,,,,,,,,,,,,,,,,,,,,,,,,,,,,,,,,,,,,,,,,,,,,,,,,,,,,,,,,,,,,,,,,,,,,,,,,,,,,,,,,,,,,,,0,0
CA3710010,Helix Water District,Runsheng,33211,129,2737,,,,,,,,,,,,,,,,,,,,,,,,,,,,,,,,,,,,,,,,,,,,,,,30345,,,,,,,,,,,,,,,,,,,,,,,,,,,,,,,,,,,,,,,55649,51191,3363,,237,858,,,0,,,,,,,,,,,,,,,,0,0
CA3310016,"Hemet, City of",Runsheng,62000,51000,1000,,4000,,,,,,1000,,,,,,,,,,,,,,,,,,,,,,,,,,,,,,,,,,,,,,,,,,,,,,,,,,,,,,,,,,,,,,,,,,,,,,,,,,,,,,14000,,,,,,,,,,,,,,,,,,,,,,,,-5000,-14000
CA3610024,"Hesperia, City of Water District",Runsheng,13595,13595,,,,,,,,,,,,,,,,,,,,,,,,,,,,,,,,,,,,,,,,,,,,,,,,,,,,,,,,,,,,,,,,,,,,,,,,,,,,,,,,,,,,,,,13595,11469,595,595,280,,595,,61,,,,,,,,,,,,,,,,0,0
CA3610073,Hi-Desert WD,Runsheng,19713,17946,,,,,,,,,,,,,,,,,,,,,,,,,,,,,,,,,,,,,,,,,,,,,,,,,,,,,,,,,,,,,,,,,,,,,,,,,,,2569,,,,,,,,,,,,3147,2558,185.5,185.5,,49,,,255,,,,,,,,,,,,,,,,-1767,86
CA4110016,"Hillsborough, Town of",Runsheng,4581,0,0,0,,,,,4581,,,,,,,,,,,,,,,,,,,,,,,,,,,,,,,,,,,,,,,,,,,,,,,,,,,,,,,,,,,,,,,,,,,,,,,,,,,,,,,,3254,3177,8,,46,,23,,,4,,,,,,,,,,,,,,,0,0
CA3510001,Hollister Urban Area,Runsheng,5811,4098,,,203,,,,,,,,,,,,,,,,,,,,,,,,,1510,,,,,,,,,,,,,,,,,,,,,,,,,,,,,,,,,,,,,,,,,,,,,,,,,,,,,,,,,,,5283,4210,350,128,242,0,232,,122,2,,,,,,,,,,,,,,,0,1
CA1210013,Humboldt Bay Municipal WD,Runsheng,,,,,,,,,,,,,,,,,,,,,,,,,,,,,,,,,,,,,,,,,,,,,,,,,,,,,,,,,,,,,,,,,,,,,,,,,,,,,,150,,,,,,,,,,,,,,,,,,,,,,,,,,,,,,,,,,,0,0
CA1210009,Humboldt Community Services District,Runsheng,900,250,,,,,,,,,,,,,,,,,,,,,,,,,500,,,,,,,,,,,,,,,,,,,,,,,,,,,,,,,,,,,,,,,,,,,,,,,,,,,,,,,,,,,,,,7360,7115,234,,8,3,0,,,,,,,,,,,,,,,,,,-150,0
CA3010053,"Huntington Beach, City of",Runsheng,29468,18271,,,,,,,,,,,,,,,,,,,,,,11197,,,,,,,,,,,,,,,,,,,,,,,,,,,,,,,,,,,,,,,,,,,,,,,,,,,,,,,,,,,,,,,,,52356,48266,2286,306,0,934,564,,,1,,,,,,,,,,,,,,,0,0
CA1910049,"Huntington Park, City of",Runsheng,4892,3495,,,51,,,,,,,,,,,,,,,,,,,,,,,,,,,,,,,,,,,,,,1346,,,,,,,,,,,,,,,,,,,,,,,,,,,,,,,,,,,,,,,,,,,,,,4568,3306,1193,69,0,0,0,,,2,,,,,,,,,,,,,,,0,0
CA1310006,"Imperial, City of",Runsheng,883,,,,0,,,,,,,,,,,,,,,,,,,,,,,,,,883,,,,,,,,,,,,,,,,,,,,,,,,,,,,,,,,,,,,,,,,,,,,,,,,,,,,,,,,,,838,757,36,8,25,0,12,,0,1,,,,,,,,,,,,,,,0,0
CA1510017,Indian Wells Valley Water District,Runsheng,10506,7570,,,2936,,,,,,,,,,,,,,,,,,,,,,,,,,,,,,,,,,,,,,,,,,,,,,,,,,,,,,,,,,,,,,,,,,,,,,,,,,,,,,,,,,,,7561,6481,1080,,,,,,,1,,,,,,,,,,,,,,,0,0
CA3310020,Indio Water Authority,Runsheng,20800,20800,,,,,,,,,,,,,,,,,,,,,,,,,,,,,,,,,,,,,,,,,,,,,,,,,,,,,,,,,,,,,,,,,,,,,,,,,,,,,,,,,,,,,,,20031,13594,1615,211,,1,2946,,1,,,,,,,,,,,,,,,,0,-1663
CA1910051,"Inglewood, City of",Runsheng,,,,,,,,,,,,,,,,,,,,,,,,,,,,,,,,,,,,,,,,,,,,,,,,,,,,,,,,,,,,,,,,,,,,,,,,,,,,,,,,,,,,,,,,,,,,,,,,,,,,,,,,,,,,,,,,,0,0
CA3010092,Irvine Ranch Water District,Runsheng,151751,47438,4000,,26135,,,,,,,,,,,,,,,,,,,,,,,,,,,,,,,,,,,,,,,,,,,,,,,,,,,,,,,,,,,,,,,,,,,,74178,,,,,,,,,,,,,,,,77830,31720,7735,4744,24221,6904,2293,,212,,,,,,,,,,,,,,,,0,-1
CA3610025,Joshua Basin Water District,Runsheng,1560,984,576,,,,,,,,,,,,,,,,,,,,,,,,,,,,,,,,,,,,,,,,,,,,,,,,,,,,,,,,,,,,,,,,,,,,,,,,,,,,,,,,,,,,,,1213,1297,122,122,,,,,197,2,,,,,,,,,,,,,,,0,525
CA3310021,Jurupa Community Services District,Runsheng,,,,,,,,,,,,,,,,,,,,,,,,,,,,,,,,,,,,,,,,,,,,,,,,,,,,,,,,,,,,,,,,,,,,,,,,,,,,,,,,,,,,,,,,,,,,,,,,,,,,,,,,,,,,,,,,,0,0
CA1010018,"Kerman, City of",Runsheng,10324,9194,0,,1130,,,,,,,,,,,,,,,,,,,,,,,,,,,,,,,,,,,,,,,,,,,,,,,,,,,,,,,,,,,,,,,,,,,,,,,,,,,,,,,,,,,,1804,1436.9,98.1,18.2,176.8,0,74.6,,,2,,,,,,,,,,,,,,,0,0.6
CA3010018,"La Habra, City of",Runsheng,9803,7861,,,,,,,,,,,,,,,,,,,,,,,,,,,,,,,,,,,,,,,,,,,,,,,,,,,,,,,,,,,,,,,,,,,,,,,1942,,,,,,,,,,,,,,,,9803,7319,1420,290,775,0,290,,,5,,,,,,,,,,,,,,,0,291
CA3010100,"La Palma, City of",Runsheng,2625,1628,,,,,,,,,,,,,,,,,,,,,,,,,,,,,,,,,,,,,,,,,,,,,,,,,,,,,,,,,,,,,,,,,,,,,,,997,,,,,,,,,,,,,,,,2625,2130,283,80,14,0,118,,,5,,,,,,,,,,,,,,,0,0
CA1910062,"La Verne, City of",Runsheng,,,,,,,,,,,,,,,,,,,,,,,,,,,,,,,,,,,,,,,,,,,,,,,,,,,,,,,,,,,,,,,,,,,,,,,,,,,,,,,,,,,,,,,,,,,,,,,,,,,,,,,,,,,,,,,,,0,0
CA3010017,Laguna Beach County Water District,Runsheng,,,,,,,,,,,,,,,,,,,,,,,,,,,,,,,,,,,,,,,,,,,,,,,,,,,,,,,,,,,,,,,,,,,,,,,,,,,,,,,,,,,,,,,,,,,,,,,,,,,,,,,,,,,,,,,,,0,0
CA3310022,Lake Hemet Municipal Water District,Runsheng,,,,,,,,,,,,,,,,,,,,,,,,,,,,,,,,,,,,,,,,,,,,,,,,,,,,,,,,,,,,,,,,,,,,,,,,,,,,,,,,,,,,,,,,,,,,,,,,,,,,,,,,,,,,,,,,,0,0
CA3710013,Lakeside Water District,Runsheng,,,,,,,,,,,,,,,,,,,,,,,,,,,,,,,,,,,,,,,,,,,,,,,,,,,,,,,,,,,,,,,,,,,,,,,,,,,,,,,,,,,,,,,,,,,,,,,,,,,,,,,,,,,,,,,,,0,0
CA1910239,"Lakewood, City of",Runsheng,,,,,,,,,,,,,,,,,,,,,,,,,,,,,,,,,,,,,,,,,,,,,,,,,,,,,,,,,,,,,,,,,,,,,,,,,,,,,,,,,,,,,,,,,,,,,,,,,,,,,,,,,,,,,,,,,0,0
CA1510012,Lamont Public Utility District,Runsheng,,,,,,,,,,,,,,,,,,,,,,,,,,,,,,,,,,,,,,,,,,,,,,,,,,,,,,,,,,,,,,,,,,,,,,,,,,,,,,,,,,,,,,,,,,,,,,,,,,,,,,,,,,,,,,,,,0,0
CA1910225,Las Virgenes Water District,Runsheng,,,,,,,,,,,,,,,,,,,,,,,,,,,,,,,,,,,,,,,,,,,,,,,,,,,,,,,,,,,,,,,,,,,,,,,,,,,,,,,,,,,,,,,,,,,,,,,,,,,,,,,,,,,,,,,,,0,0
CA1610005,"Lemoore, City of",Runsheng,,,,,,,,,,,,,,,,,,,,,,,,,,,,,,,,,,,,,,,,,,,,,,,,,,,,,,,,,,,,,,,,,,,,,,,,,,,,,,,,,,,,,,,,,,,,,,,,,,,,,,,,,,,,,,,,,0,0
CA3110004,"Lincoln, City of",Runsheng,,,,,,,,,,,,,,,,,,,,,,,,,,,,,,,,,,,,,,,,,,,,,,,,,,,,,,,,,,,,,,,,,,,,,,,,,,,,,,,,,,,,,,,,,,,,,,,,,,,,,,,,,,,,,,,,,0,0
CA1910063,Lincoln Avenue Water Company,Runsheng,,,,,,,,,,,,,,,,,,,,,,,,,,,,,,,,,,,,,,,,,,,,,,,,,,,,,,,,,,,,,,,,,,,,,,,,,,,,,,,,,,,,,,,,,,,,,,,,,,,,,,,,,,,,,,,,,0,0
CA5810002,Linda County Water District,Runsheng,,,,,,,,,,,,,,,,,,,,,,,,,,,,,,,,,,,,,,,,,,,,,,,,,,,,,,,,,,,,,,,,,,,,,,,,,,,,,,,,,,,,,,,,,,,,,,,,,,,,,,,,,,,,,,,,,0,0
CA0110011,"Livermore, City of",Runsheng,,,,,,,,,,,,,,,,,,,,,,,,,,,,,,,,,,,,,,,,,,,,,,,,,,,,,,,,,,,,,,,,,,,,,,,,,,,,,,,,,,,,,,,,,,,,,,,,,,,,,,,,,,,,,,,,,0,0
CA3910004,"Lodi, City of",Runsheng,,,,,,,,,,,,,,,,,,,,,,,,,,,,,,,,,,,,,,,,,,,,,,,,,,,,,,,,,,,,,,,,,,,,,,,,,,,,,,,,,,,,,,,,,,,,,,,,,,,,,,,,,,,,,,,,,0,0
CA3610013,"Loma Linda, City of",Runsheng,,,,,,,,,,,,,,,,,,,,,,,,,,,,,,,,,,,,,,,,,,,,,,,,,,,,,,,,,,,,,,,,,,,,,,,,,,,,,,,,,,,,,,,,,,,,,,,,,,,,,,,,,,,,,,,,,0,0
CA1910073,"Lomita, City of",Runsheng,,,,,,,,,,,,,,,,,,,,,,,,,,,,,,,,,,,,,,,,,,,,,,,,,,,,,,,,,,,,,,,,,,,,,,,,,,,,,,,,,,,,,,,,,,,,,,,,,,,,,,,,,,,,,,,,,0,0
CA4210006,"Lompoc, City of",Runsheng,,,,,,,,,,,,,,,,,,,,,,,,,,,,,,,,,,,,,,,,,,,,,,,,,,,,,,,,,,,,,,,,,,,,,,,,,,,,,,,,,,,,,,,,,,,,,,,,,,,,,,,,,,,,,,,,,0,0
CA1910065,Long Beach Water Department,Runsheng,,,,,,,,,,,,,,,,,,,,,,,,,,,,,,,,,,,,,,,,,,,,,,,,,,,,,,,,,,,,,,,,,,,,,,,,,,,,,,,,,,,,,,,,,,,,,,,,,,,,,,,,,,,,,,,,,0,0
CA1910204,Los Angeles County Water District #29,Runsheng,,,,,,,,,,,,,,,,,,,,,,,,,,,,,,,,,,,,,,,,,,,,,,,,,,,,,,,,,,,,,,,,,,,,,,,,,,,,,,,,,,,,,,,,,,,,,,,,,,,,,,,,,,,,,,,,,0,0
CA1910027,Los Angeles County Water District #40,Runsheng,,,,,,,,,,,,,,,,,,,,,,,,,,,,,,,,,,,,,,,,,,,,,,,,,,,,,,,,,,,,,,,,,,,,,,,,,,,,,,,,,,,,,,,,,,,,,,,,,,,,,,,,,,,,,,,,,0,0
CA1910067,Los Angeles Department of Water and Power,Runsheng,,,,,,,,,,,,,,,,,,,,,,,,,,,,,,,,,,,,,,,,,,,,,,,,,,,,,,,,,,,,,,,,,,,,,,,,,,,,,,,,,,,,,,,,,,,,,,,,,,,,,,,,,,,,,,,,,0,0
CA2410005,"Los Banos, City of",Timbo,7591,7591,,,,,,,,,,,,,,,,,,,,,,,,,,,,,,,,,,,,,,,,,,,,,,,,,,,,,,,,,,,,,,,,,,,,,,,,,,,,,,,,,,,,,,,,,,,,,,,,,,,,,,,,,,,,,,,0,0
CA1910079,"Lynwood, City of",Timbo,5821,5559,,,,,,,,,,,,,,,,,,,,,,,,,,,,,,,,,,,,,,,,,262,,,,,,,,,,,,,,,,,,,,,,,,,,,,,,,,,,,,,,,,,,,,,,,,,,,,,,,,,,,,,,,,,,,,,,0,0
CA2010002,"Madera, City of",Timbo,16111,16111,,,,,,,,,,,,,,,,,,,,,,,,,,,,,,,,,,,,,,,,,,,,,,,,,,,,,,,,,,,,,,,,,,,,,,,,,,,,,,,,,,,,,,,,12276,2216,0,492,0,incl w/ commecail,0,1128,2,,,,,,,,,,,,,,,0,16112
CA2610001,Mammoth Community Water District,Timbo,2590,1098,1492,,,,,,,,,,,,,,,,,,,,,,,,,,,,,,,,,,,,,,,,,,,,,,,,,,,,,,,,,,,,,,,,,,,,,,,,,,,,,,,,,,,,,,2589,1376,230,0,348,0,84,0,131,,,,,,,,,,,,,,,,0,-420
CA1910083,"Manhattan Beach, City of",Timbo,5641,2094,0,0,263 - purchased from WBMWD,0,0,,,,,,,,,,,,,,,,,,,,,,,,,,,,3284,,,,,,,,,,,,,,,,,,,,,,,,,,,,,,,,,,,,,,,,,,,,,,,,,,,,,,5158,3963,670,670,131,0,incl w/ commecail,0,0,n/a,,,,,,,,,,,,,,,-263,276
CA2110002,Marin Municipal Water District,Timbo,26112,0,19077,,514,0,,,,,,,6521,,,,,,,,,,,,,,,,,,,,,,,,,,,,,,,,,,,,,,,,,,,,,,,,,,,,,,,,,,,,,,,,,,,,,,,,,,,,22471,16905,2721,0,1205,0,1641,0,0,10,,,,,,,,,,,,,,,0,1
CA2710017,Marina Coast Water District,Timbo,4133,4133,,,,,,,,,,,,,,,,,,,,,,,,,,,,,,,,,,,,,,,,,,,,,,,,,,,,,,,,,,,,,,,,,,,,,,,,,,,,,,,,,,,,,,,3968,2537,328,6.7,814,0,283,0,0,,,,,,,,,,,,,,,,0,0.7
CA0710006,"Martinez, City of",Timbo,,,,,,,,,,,,,,,,,,,,,,,,,,,,,,,,,,,,,,,,,,,,,,,,,,,,,,,,,,,,,,,,,,,,,,,,,,,,,,,,,,,,,,,,,,,,,,,,,,,,,,,,,,,,,,,,,0,0
CA1210016,McKinleyville Community Services District,Timbo,84000,,,,,,,,,,,,,,,,,,,,,,,,,,84000,,,,,,,,,,,,,,,,,,,,,,,,,,,,,,,,,,,,,,,,,,,,,,,,,,,,,,,,,,,,,,1432,1288,100,0,11,17,16,0,0,2,,,,,,,,,,,,,,,0,0
CA4110017,"Menlo Park, City of",Timbo,4993,0,0,0,0,0,0,,4993,,,,,,,,,,,,,,,,,,,,,,,,,,,,,,,,,,,,,,,,,,,,,,,,,,,,,,,,,,,,,,,,,,,,,,,,,,,,,,,,3391,1504,498,717,436,0,151,0,85,4,,,,,,,,,,,,,,,0,0
CA2410009,"Merced, City of",Timbo,23661,23661,0,0,0,0,0,,,,,,,,,,,,,,,,,,,,,,,,,,,,,,,,,,,,,,,,,,,,,,,,,,,,,,,,,,,,,,,,,,,,,,,,,,,,,,,,,,23661,19265,2803,591,799,0,202,0,0,1,,,,,,,,,,,,,,,0,-1
CA3010004,Mesa Consolidated Water District,Timbo,19400,15900,0,0,1100,0,0,,,,,,,,,,,,,,,,,2400,,,,,,,,,,,,,,,,,,,,,,,,,,,,,,,,,,,,,,,,,,,,,,,,,,,,,,,,,,,,,,,,,19400,11350,4210,460,1280,0,2100,0,,2,,,,,,,,,,,,,,,0,0
CA1910087,Metropolitan Water District of Southern California,Timbo,4725000,1832000,?,?,?,?,?,,,,1500000,,,,,,,,,,,,,,,,,,,,,,,,,,,,,,,,,,,,,,,,,,,,,,,,,,,,,,,,243000,1150000,,,,,,,,,,,,,,,,,,,,,?,2552000,890000,inc w/ commercial,?,?,inc w/ commercial,all?,303000,?,,,,,,,,,,,,,,,0,#VALUE!
CA4110001,Mid-Peninsula Water District,Timbo,3617,0,0,0,0,,,,3617,,,,,,,,,,,,,,,,,,,,,,,,,,,,,,,,,,,,,,,,,,,,,,,,,,,,,,,,,,,,,,,,,,,,,,,,,,,,,,,,2929,2235,444,71,0,0,178,0,0,2,,,,,,,,,,,,,,,0,-1
CA4110018,"Millbrae, City of",Timbo,2528,0,0,0,15,0,0,,2513,,,,,,,,,,,,,,,,,,,,,,,,,,,,,,,,,,,,,,,,,,,,,,,,,,,,,,,,,,,,,,,,,,,,,,,,,,,,,,,,2513,1678,389,0,170,0,102,0,174,,,,,,,,,,,,,,,,0,0
CA4310005,"Milpitas, City of",Timbo,6372861,0,0,0,351337,0,0,,4503944,,,,,,,,,,,,,,,,,,,,,,,,,,,,,,,,,,,,,,,1517580,,,,,,,,,,,,,,,,,,,,,,,,,,,,,,,,,,,,,,,,,3982620,2091249,704541,627466,558042,0,inc w/ commercial,0,583,3,,,,,,,,,,,,,,,0,-739
CA3310008,Mission Springs Water District,Timbo,,,,,,,,,,,,,,,,,,,,,,,,,,,,,,,,,,,,,,,,,,,,,,,,,,,,,,,,,,,,,,,,,,,,,,,,,,,,,,,,,,,,,,,,,,,,,,,,,,,,,,,,,,,,,,,,,0,0
CA5010033,"Modesto, City of",Timbo,64464,33816,0,0,0,0,0,0,,,,,,,,,,,,,,,,,,,,,,,,,,,,,,,,,,,,,,,,,,,,,,,,,,,,,,,,,,30647,,,,,,,,,,,,,,,,,,,,,,,60973,44946,7751,3308,2626,0,2196,0,146,2,,,,,,,,,,,,,,,-1,0
CA5010038,Modesto Irrigation District,Timbo,,,,,,,,,,,,,,,,,,,,,,,,,,,,,,,,,,,,,,,,,,,,,,,,,,,,,,,,,,,,,,,,,,,,,,,,,,,,,,,,,,,,,,,,,,,,,,,,,,,,,,,,,,,,,,,,,0,0
,Mojave Water Agency,Timbo,181674,126690,0,0,5304,0,0,,,,49680,,,,,,,,,,,,,,,,,,,,,,,,,,,,,,,,,,,,,,,,,,,,,,,,,,,,,,,,,,,,,,,,,,,,,,,,,,,,,,,,,,,,,,,,,,,,,,,,,,,,,,0,
CA1910090,"Monrovia, City of",Timbo,7250,7250,,,,,,,,,,,,,,,,,,,,,,,,,,,,,,,,,,,,,,,,,,,,,,,,,,,,,,,,,,,,,,,,,,,,,,,,,,,,,,,,,,,,,,,7411,5667,1050,24,406,n/a,n/a,0,264,0,,,,,,,,,,,,,,,0,0
CA3610029,Monte Vista Water District,Timbo,21325,15774,0,0,542,0,0,,,,,,,,,,,,,,,,,,,,,,,,,,,,,,,,,,,,,,,,,,,,,,,,,,,,,,,,,,,,,,,4465,476,,,,,,,,,,,,,,,,,,20849,6359,1674,31,690,43,296,13517,29,,,,,,,,,,,,,,,,-68,1790
CA1910091,Montebello Land and Water Company,Timbo,3373,3373,,,,,,,,,,,,,,,,,,,,,,,,,,,,,,,,,,,,,,,,,,,,,,,,,,,,,,,,,,,,,,,,,,,,,,,,,,,,,,,,,,,,,,,3098,2123,522,222,0,0,231,0,0,,,,,,,,,,,,,,,,0,0
CA4310006,"Morgan Hill, City of",Timbo,18054,18054,0,0,0,0,0,0,,,,,,,,,,,,,,,,,,,,,,,,,,,,,,,,,,,,,,,,,,,,,,,,,,,,,,,,,,,,,,,,,,,,,,,,,,,,,,,,,6778,4765,674,inc w/ comm,1339,0,inc w/ comm,0,0,,,,,,,,,,,,,,,,0,0
CA4010011,"Morro Bay, City of",Timbo,1259,128,0,258,0,0,0,0,,,873,,,,,,,,,,,,,,,,,,,,,,,,,,,,,,,,,,,,,,,,,,,,,,,,,,,,,,,,,,,,,,,,,,,,,,,,,,,,,,1255,752,250,3,14,0,236,0,0,2,,,,,,,,,,,,,,,0,0
CA3010073,Moulton Niguel Water District,Timbo,33846,0,0,0,7120,0,0,0,,,,,,,,,,,,,,,,26726,,,,,,,,,,,,,,,,,,,,,,,,,,,,,,,,,,,,,,,,,,,,,,,,,,,,,,,,,,,,,,,,,33846,20189,2678,inc w/ comm,1098,0,inc w/ comm,0,0,,,,,,,,,,,,,,,,0,-9881
CA4310007,"Mountain View, City of",Timbo,11348,476,0,0,389,0,0,0,9476,,,,,,,,,,,,,,,,,,,,,,,,,,,,,,,,,,,,,,,1007,,,,,,,,,,,,,,,,,,,,,,,,,,,,,,,,,,,,,,,,,10813,6117,1702,449,2540,0,inc w/ comm,0,5,2,,,,,,,,,,,,,,,0,0
,Municipal Water District of Orange County,Timbo,485311,220052,5485,0,39642,0,0,0,,220132,,,,,,,,,,,,,,,,,,,,,,,,,,,,,,,,,,,,,,,,,,,,,,,,,,,,,,,,,,,,,,,,,,,,,,,,,,,,,,,,,,,,,,,,,,,,,,,,,,,,,,,,
CA2810003,"Napa, City of",Timbo,51600,0,31700,0,0,0,0,0,,,19900,,,,,,,,,,,,,,,,,,,,,,,,,,,,,,,,,,,,,,,,,,,,,,,,,,,,,,,,,,,,,,,,,,,,,,,,,,,,,,13877,8587,1877,0,643,155,930,280,1405,3,,,,,,,,,,,,,,,0,0
,Nevada Irrigation District,Timbo,410633,0,348772,0,2500,0,0,0,,,,,,,,,,,,,,,,,,,,,,,,,,,,,,,,,,,,,59361,,,,,,,,,,,,,,,,,,,,,,,,,,,,,,,,,,,,,,,,,,,,9134,6802,753,95,878,0,605,0,0,1,,,,,,,,,,,,,,,,
CA1910096,Newhall County Water District,Timbo,,,,,,,,,,,,,,,,,,,,,,,,,,,,,,,,,,,,,,,,,,,,,,,,,,,,,,,,,,,,,,,,,,,,,,,,,,,,,,,,,,,,,,,,,10560,7900,560,100,1600,0,400,0,0,,,,,,,,,,,,,,,,0,0
CA3010023,"Newport Beach, City of",Timbo,16645,10052,0,0,432,0,0,0,,,,,,,,,,,,,,,,6161,,,,,,,,,,,,,,,,,,,,,,,,,,,,,,,,,,,,,,,,,,,,,,,,,,,,,,,,,,,,,,,,,16645,9605,2960,inc w/ comm,3710,0,370,0,0,10,,,,,,,,,,,,,,,0,0
CA4010026,Nipomo Community Services District,Timbo,2367,2367,,,,,,,,,,,,,,,,,,,,,,,,,,,,,,,,,,,,,,,,,,,,,,,,,,,,,,,,,,,,,,,,,,,,,,,,,,,,,,,,,,,,,,,2293,1949,88,0,173,13,69,0,0,1,,,,,,,,,,,,,,,0,-1
CA4110025,North Coast County Water District,Timbo,3350,,,,,,,,3350,,,,,,,,,,,,,,,,,,,,,,,,,,,,,,,,,,,,,,,,,,,,,,,,,,,,,,,,,,,,,,,,,,,,,,,,,,,,,,,,2948,2502,207,0,69,0,170,0,0,2,,,,,,,,,,,,,,,0,0
,North Marin Sonoma Alliance,,,,,,,,,,,,,,,,,,,,,,,,,,,,,,,,,,,,,,,,,,,,,,,,,,,,,,,,,,,,,,,,,,,,,,,,,,,,,,,,,,,,,,,,,,,,,,,,,,,,,,,,,,,,,,,,,,,
CA2110003,North Marin Water District,Timbo,8971,0,2456,0,140,0,177,0,,,,,6198,,,,,,,,,,,,,,,,,,,,,,,,,,,,,,,,,,,,,,,,,,,,,,,,,,,,,,,,,,,,,,,,,,,,,,,,,,,,8832,6726,911,0,941,3,251,0,,,,,,,,,,,,,,,,,0,0
CA3110001,North Tahoe Public Utility District,Timbo,1485,163,1322,0,0,0,,0,,,,,,,,,,,,,,,,,,,,,,,,,,,,,,,,,,,,,,,,,,,,,,,,,,,,,,,,,,,,,,,,,,,,,,,,,,,,,,,,,1485,1334,86,0,27,0,0,0,38,,,,,,,,,,,,,,,,0,0
CA1510041,North of The River Municipal Water District,Timbo,,,,,,,,,,,,,,,,,,,,,,,,,,,,,,,,,,,,,,,,,,,,,,,,,,,,,,,,,,,,,,,,,,,,,,,,,,,,,,,,,,,,,,,,,,,,,,,,,,,,,,,,,,,,,,,,,0,0
CA1910191,"Norwalk, City of",Timbo,2330,410,0,0,102,0,0,0,,,,,,,,,,,,,,,,,,,,,,,,,,,,,,,,,,,,,,,,,,,,,,,,,,,,,,,,,,,,,,,,,,,,,,,,,,1818,,,,,,,n/a,,,,,,,,,,,,,,,,,,,,,,,,-1818,#VALUE!
CA3710014,"Oceanside, City of",Timbo,26350,4455,0,0,130,0,0,0,,,,,,,,,,,,,,,,,,,,,,,,,,,,,,,,,,,,,,,,,,21765,,,,,,,,,,,,,,,,,,,,,,,,,,,,,,,,,,,,,,,23823,15933,2034,w/COM,3511,1506,838,0,0,,,,,,,,,,,,,,,,0,-1
CA1510015,Oildale Mutual Water Company,Timbo,7148,151,0,0,0,0,0,0,,,,,,,,,,,,,,,,,,,,,,,,,,,,,,,,,,,,,,,,,,,,,,,,,,,,,,,,,,,,,,,,6997,,,,,,,,,,,,,,,,,2867,883,918,1066,0,0,0,0,0,,,,,,,,,,,,,,,,0,0
CA5810003,Olivehurst Public Utilities District,Timbo,,,,,,,,,,,,,,,,,,,,,,,,,,,,,,,,,,,,,,,,,,,,,,,,,,,,,,,,,,,,,,,,,,,,,,,,,,,,,,,,,,,,,,,,,,,,,,,,,,,,,,,,,,,,,,,,,0,0
CA3710029,"Olivenhain, City of",Timbo,,,,,,,,,,,,,,,,,,,,,,,,,,,,,,,,,,,,,,,,,,,,,,,,,,,,,,,,,,,,,,,,,,,,,,,,,,,,,,,,,,,,,,,,,,,,,,,,,,,,,,,,,,,,,,,,,0,0
CA3610034,"Ontario, City of",Timbo,,,,,,,,,,,,,,,,,,,,,,,,,,,,,,,,,,,,,,,,,,,,,,,,,,,,,,,,,,,,,,,,,,,,,,,,,,,,,,,,,,,,,,,,,,,,,,,,,,,,,,,,,,,,,,,,,0,0
CA3010027,"Orange, City of",Timbo,,,,,,,,,,,,,,,,,,,,,,,,,,,,,,,,,,,,,,,,,,,,,,,,,,,,,,,,,,,,,,,,,,,,,,,,,,,,,,,,,,,,,,,,,,,,,,,,,,,,,,,,,,,,,,,,,0,0
CA3410016,Orange Vale Water Company,Timbo,,,,,,,,,,,,,,,,,,,,,,,,,,,,,,,,,,,,,,,,,,,,,,,,,,,,,,,,,,,,,,,,,,,,,,,,,,,,,,,,,,,,,,,,,,,,,,,,,,,,,,,,,,,,,,,,,0,0
CA1910101,Orchard Dale Water District,Timbo,,,,,,,,,,,,,,,,,,,,,,,,,,,,,,,,,,,,,,,,,,,,,,,,,,,,,,,,,,,,,,,,,,,,,,,,,,,,,,,,,,,,,,,,,,,,,,,,,,,,,,,,,,,,,,,,,0,0
CA3710034,Otay Water District,Timbo,,,,,,,,,,,,,,,,,,,,,,,,,,,,,,,,,,,,,,,,,,,,,,,,,,,,,,,,,,,,,,,,,,,,,,,,,,,,,,,,,,,,,,,,,,,,,,,,,,,,,,,,,,,,,,,,,0,0
CA5610007,"Oxnard, City of",Timbo,,,,,,,,,,,,,,,,,,,,,,,,,,,,,,,,,,,,,,,,,,,,,,,,,,,,,,,,,,,,,,,,,,,,,,,,,,,,,,,,,,,,,,,,,,,,,,,,,,,,,,,,,,,,,,,,,0,0
CA3710037,Padre Dam Municipal Water District,Timbo,,,,,,,,,,,,,,,,,,,,,,,,,,,,,,,,,,,,,,,,,,,,,,,,,,,,,,,,,,,,,,,,,,,,,,,,,,,,,,,,,,,,,,,,,,,,,,,,,,,,,,,,,,,,,,,,,0,0
CA1910102,Palmdale Water District,Timbo,,,,,,,,,,,,,,,,,,,,,,,,,,,,,,,,,,,,,,,,,,,,,,,,,,,,,,,,,,,,,,,,,,,,,,,,,,,,,,,,,,,,,,,,,,,,,,,,,,,,,,,,,,,,,,,,,0,0
CA4310009,"Palo Alto, City of",Timbo,,,,,,,,,,,,,,,,,,,,,,,,,,,,,,,,,,,,,,,,,,,,,,,,,,,,,,,,,,,,,,,,,,,,,,,,,,,,,,,,,,,,,,,,,,,,,,,,,,,,,,,,,,,,,,,,,0,0
CA0410007,Paradise Irrigation District,Timbo,,,,,,,,,,,,,,,,,,,,,,,,,,,,,,,,,,,,,,,,,,,,,,,,,,,,,,,,,,,,,,,,,,,,,,,,,,,,,,,,,,,,,,,,,,,,,,,,,,,,,,,,,,,,,,,,,0,0
CA1910105,"Paramount, City of",Timbo,,,,,,,,,,,,,,,,,,,,,,,,,,,,,,,,,,,,,,,,,,,,,,,,,,,,,,,,,,,,,,,,,,,,,,,,,,,,,,,,,,,,,,,,,,,,,,,,,,,,,,,,,,,,,,,,,0,0
CA1010021,Park Water Company,Timbo,,,,,,,,,,,,,,,,,,,,,,,,,,,,,,,,,,,,,,,,,,,,,,,,,,,,,,,,,,,,,,,,,,,,,,,,,,,,,,,,,,,,,,,,,,,,,,,,,,,,,,,,,,,,,,,,,0,0
CA1910124,"Pasadena, City of",Timbo,,,,,,,,,,,,,,,,,,,,,,,,,,,,,,,,,,,,,,,,,,,,,,,,,,,,,,,,,,,,,,,,,,,,,,,,,,,,,,,,,,,,,,,,,,,,,,,,,,,,,,,,,,,,,,,,,0,0
CA4010007,"Paso Robles, City of",Timbo,,,,,,,,,,,,,,,,,,,,,,,,,,,,,,,,,,,,,,,,,,,,,,,,,,,,,,,,,,,,,,,,,,,,,,,,,,,,,,,,,,,,,,,,,,,,,,,,,,,,,,,,,,,,,,,,,0,0
CA5010017,"Patterson, City of",Timbo,,,,,,,,,,,,,,,,,,,,,,,,,,,,,,,,,,,,,,,,,,,,,,,,,,,,,,,,,,,,,,,,,,,,,,,,,,,,,,,,,,,,,,,,,,,,,,,,,,,,,,,,,,,,,,,,,0,0
CA4910006,"Petaluma, City of",Timbo,,,,,,,,,,,,,,,,,,,,,,,,,,,,,,,,,,,,,,,,,,,,,,,,,,,,,,,,,,,,,,,,,,,,,,,,,,,,,,,,,,,,,,,,,,,,,,,,,,,,,,,,,,,,,,,,,0,0
CA3610120,Phelan Pinon Hills Community Services District,Timbo,,,,,,,,,,,,,,,,,,,,,,,,,,,,,,,,,,,,,,,,,,,,,,,,,,,,,,,,,,,,,,,,,,,,,,,,,,,,,,,,,,,,,,,,,,,,,,,,,,,,,,,,,,,,,,,,,0,0
CA1910042,"Pico Rivera, City of",Timbo,,,,,,,,,,,,,,,,,,,,,,,,,,,,,,,,,,,,,,,,,,,,,,,,,,,,,,,,,,,,,,,,,,,,,,,,,,,,,,,,,,,,,,,,,,,,,,,,,,,,,,,,,,,,,,,,,0,0
CA1910125,Pico Water District,Timbo,,,,,,,,,,,,,,,,,,,,,,,,,,,,,,,,,,,,,,,,,,,,,,,,,,,,,,,,,,,,,,,,,,,,,,,,,,,,,,,,,,,,,,,,,,,,,,,,,,,,,,,,,,,,,,,,,0,0
CA4010008,"Pismo Beach, City of",Timbo,,,,,,,,,,,,,,,,,,,,,,,,,,,,,,,,,,,,,,,,,,,,,,,,,,,,,,,,,,,,,,,,,,,,,,,,,,,,,,,,,,,,,,,,,,,,,,,,,,,,,,,,,,,,,,,,,0,0
CA0710008,"Pittsburg, City of",Timbo,,,,,,,,,,,,,,,,,,,,,,,,,,,,,,,,,,,,,,,,,,,,,,,,,,,,,,,,,,,,,,,,,,,,,,,,,,,,,,,,,,,,,,,,,,,,,,,,,,,,,,,,,,,,,,,,,0,0
CA3110124,Placer County Water Agency,Timbo,,,,,,,,,,,,,,,,,,,,,,,,,,,,,,,,,,,,,,,,,,,,,,,,,,,,,,,,,,,,,,,,,,,,,,,,,,,,,,,,,,,,,,,,,,,,,,,,,,,,,,,,,,,,,,,,,0,0
CA0110008,"Pleasanton, City of",Timbo,,,,,,,,,,,,,,,,,,,,,,,,,,,,,,,,,,,,,,,,,,,,,,,,,,,,,,,,,,,,,,,,,,,,,,,,,,,,,,,,,,,,,,,,,,,,,,,,,,,,,,,,,,,,,,,,,0,0
CA1910126,"Pomona, City of",Timbo,,,,,,,,,,,,,,,,,,,,,,,,,,,,,,,,,,,,,,,,,,,,,,,,,,,,,,,,,,,,,,,,,,,,,,,,,,,,,,,,,,,,,,,,,,,,,,,,,,,,,,,,,,,,,,,,,0,0
CA5610009,"Port Hueneme, City of",Timbo,,,,,,,,,,,,,,,,,,,,,,,,,,,,,,,,,,,,,,,,,,,,,,,,,,,,,,,,,,,,,,,,,,,,,,,,,,,,,,,,,,,,,,,,,,,,,,,,,,,,,,,,,,,,,,,,,0,0
CA5610080,Port Hueneme Water Agency,Timbo,,,,,,,,,,,,,,,,,,,,,,,,,,,,,,,,,,,,,,,,,,,,,,,,,,,,,,,,,,,,,,,,,,,,,,,,,,,,,,,,,,,,,,,,,,,,,,,,,,,,,,,,,,,,,,,,,0,0
CA5410010,"Porterville, City of",Ying,12380,12380,,,,,,,,,,,,,,,,,,,,,,,,,,,,,,,,,,,,,,,,,,,,,,,,,,,,,,,,,,,,,,,,,,,,,,,,,,,,,,,,,,,,,,,12380,8839,2007,78,410,0,,0,1046,0,,,,,,,,,,,,,,,0,0
CA3710015,"Poway, City of",Ying,10164,0,0,0,0,0,0,0,,,,,,,,,,,,,,,,,,,,,,,,,,,,,,,251,,,,,,,,,,,9913,,,,,,,,,,,,,,,,,,,,,,,,,,,,,,,,,,,,,,,9416,7038,1076,113,909,37,,0,740,1,,,,,,,,,,,,,,,0,497
CA1910130,Quartz Hill Water District,Ying,52200,9500,0,0,0,0,0,0,,,42700,,,,,,,,,,,,,,,,,,,,,,,,,,,,,,,,,,,,,,,,,,,,,,,,,,,,,,,,,,,,,,,,,,,,,,,,,,,,,,,,,,,,,,,1,,,,,,,,,,,,,,,0,0
CA3710016,Rainbow Municipal Water District,Ying,19509,0,,0,0,,,0,,,,,,,,,,,,,,,,,,,,,,,,,,,,,,,,,,,,,,,,,,19509,,,,,,,,,,,,,,,,,,,,,,,,,,,,,,,,,,,,,,,18158,6263,,,,11854,,,41,1,,,,,,,,,,,,,,,0,0
CA3710019,Ramona Municipal Water District,Ying,6585,0,0,0,729,,,,,,,,,,,,,,,,,,,,,,,,,,,,,,,,,,,,,,,,,,,,,5856,,,,,,,,,,,,,,,,,,,,,,,,,,,,,,,,,,,,,,,7130,3752,326,0,4,1563,198,0,1287,1,,,,,,,,,,,,,,,0,0
CA3310038,Rancho California Water District,Ying,82034,24556,2724,,8764,,,,,45990,,,,,,,,,,,,,,,,,,,,,,,,,,,,,,,,,,,,,,,,,,,,,,,,,,,,,,,,,,,,,,,,,,,,,,,,,,,,,,,69392,31785,3200,,5183,16695,,160,9564,5,,,,,,,,,,,,,,,0,-2805
CA5210004,"Red Bluff, City of",Ying,,,,,,,,,,,,,,,,,,,,,,,,,,,,,,,,,,,,,,,,,,,,,,,,,,,,,,,,,,,,,,,,,,,,,,,,,,,,,,,,,,,,,,,,,5227.54,4028.8,864.7,182.2,,,146.6,,4.5,,,,,,,,,,,,,,,,0,-0.74
CA4510005,"Redding, City of",Ying,38145,11005,27140,0,0,0,0,,,,,,,,,,,,,,,,,,,,,,,,,,,,,,,,,,,,,,,,,,,,,,,,,,,,,,,,,,,,,,,,,,,,,,,,,,,,,,,,,,22957,16339,5634,173,811,,,0,0,0,,,,,,,,,,,,,,,0,0
CA3610037,"Redlands, City of",Ying,31479,15267,13762,0,2214,,,0,,,,,,,,,,,,,,,,,,,,,,,,,,,,,,,,,,,,,,,,,,,,,,,,,,,,,,,,,,,,,,,,,,,,,,,,,,,,,,,,,27902,16271,4267,,2216,347,939,161,3701,7,,,,,,,,,,,,,,,-236,0
CA4110022,"Redwood City, City of",Ying,14243,,,,2000,,,,12243,,,,,,,,,,,,,,,,,,,,,,,,,,,,,,,,,,,,,,,,,,,,,,,,,,,,,,,,,,,,,,,,,,,,,,,,,,,,,,,,11144,6973,1870,,892,,14,,1395,5,,,,,,,,,,,,,,,0,0
CA1010027,"Reedley, City of",Ying,4722,4722,,,,,,,,,,,,,,,,,,,,,,,,,,,,,,,,,,,,,,,,,,,,,,,,,,,,,,,,,,,,,,,,,,,,,,,,,,,,,,,,,,,,,,,4451,3018,696,25,186,0,,0,526,0,,,,,,,,,,,,,,,0,0
CA3610038,"Rialto, City of",Ying,14870,8257,1135,,,,,,,,,,,,,,,,,,,,,,,,,,,,,,,,,,,,,,,,,,,,,,,,,5478,,,,,,,,,,,,,,,,,,,,,,,,,,,,,,,,,,,,,14870,7319,2359,,518,,,936,3738,0,,,,,,,,,,,,,,,0,0
CA3710044,Rincon del Diablo Municipal Water District,Ying,9400,,,,3300,,,,,,,,,,,,,,,,,,,,,,,,,,,,,,,,,,,,,,,,,,,,,6100,,,,,,,,,,,,,,,,,,,,,,,,,,,,,,,,,,,,,,,9558.4,4473.7,786.3,,488.3,266.5,79,,3464.6,0,,,,,,,,,,,,,,,0,0
CA3410018,Rio Linda - Elverta Community Water District,Ying,2720,2720,,,,,,,,,,,,,,,,,,,,,,,,,,,,,,,,,,,,1.7,,,,,,,,,,,,,,,,,,,,,,,,,,,,,,,,,,,,,,,,,,,,,,,,,,,2720,2148,97,9,21,0,170,,275,1,,,,,,,,,,,,,,,1.7,0
CA4810004,"Rio Vista, City of",Ying,2419,2419,,,,,,,,,,,,,,,,,,,,,,,,,,,,,,,,,,,,,,,,,,,,,,,,,,,,,,,,,,,,,,,,,,,,,,,,,,,,,,,,,,,,,,,2419,2217,123,71,0,0,2,,6,0,,,,,,,,,,,,,,,0,0
CA5010018,"Riverbank, City of",Ying,4351,4351,,,,,,,,,,,,,,,,,,,,,,,,,,,,,,,,,,,,,,,,,,,,,,,,,,,,,,,,,,,,,,,,,,,,,,,,,,,,,,,,,,,,,,,4477,3906,270,117,0,0,,,184,0,,,,,,,,,,,,,,,0,0
CA3310031,"Riverside, City of",Ying,120186,98226,,,260,,,,,,,,,,,,,,,,,,,,,,,,,,,,,,,,,,,,,,,,,,,,,,,,,,,,,,,,,21700,,,,,,,,,,,,,,,,,,,,,,,,,,,83257,36077,10065,9769,1088,1526,,13071,11663,4,,,,,,,,,,,,,,,0,2
CA3610057,Riverside Highland Water Company,Ying,,,,,,,,,,,,,,,,,,,,,,,,,,,,,,,,,,,,,,,,,,,,,,,,,,,,,,,,,,,,,,,,,,,,,,,,,,,,,,,,,,,,,,,,,,,,,,,,,,0,,,,,,,,,,,,,,,0,0
CA4910014,"Rohnert Park, City of",Ying,5266,1582,0,0,710,,0,0,,,,,2974,,,,,,,,,,,,,,,,,,,,,,,,,,,,,,,,,,,,,,,,,,,,,,,,,,,,,,,,,,,,,,,,,,,,,,,,,,,,5209,3109,417,0,316,,,0,1366,6,,,,,,,,,,,,,,,0,-1
CA1510018,Rosamond Community Services District,Ying,3100,2800,,,,,,,,,300,,,,,,,,,,,,,,,,,,,,,,,,,,,,,,,,,,,,,,,,,,,,,,,,,,,,,,,,,,,,,,,,,,,,,,,,,,,,,,2946,2717,142,0,66,,,,21,1,,,,,,,,,,,,,,,0,0
CA3110008,"Roseville, City of",Ying,47709,,,,1709,,,,,,,,,,,,,,32000,,,,,,,,,,,,,,,,,,10000,,,,,,,,,,,,,,,,,,,,,,,,,,4000,,,,,,,,,,,,,,,,,,,,,,,,,,30396,18032,2042,891,5534,0,667,54,3176,6,,,,,,,,,,,,,,,0,0
CA1910194,Rowland Water District,Ying,11513,417,,,106,,,,,,,,,,,,,,,,,,,,,,,,,,,,,,,,,,,,,,,,,,,,,,10990,,,,,,,,,,,,,,,,,,,,,,,,,,,,,,,,,,,,,,11529,6010,4390,0,251,0,0,0,865,7,,,,,,,,,,,,,,,0,-13
CA3310044,Rubidoux Community Services District,Ying,6527,6527,,,,,,,,,,,,,,,,,,,,,,,,,,,,,,,,,,,,,,,,,,,,,,,,,,,,,,,,,,,,,,,,,,,,,,,,,,,,,,,,,,,,,,,5784,4414,289,,599,,,,482,0,,,,,,,,,,,,,,,0,0
CA1910140,Rubio Canyon Land & Water Assoc,Ying,2055,1238,167,,,,,,,,,,,,,,,,,,,,,,,,,,,,,,,,,,,,,,,,,,,,,,,,,,,,,,,,,,,,,650,,,,,,,,,,,,,,,,,,,,,,,,,2096,1849.5,205.5,0,0,,,,41,3,,,,,,,,,,,,,,,0,0
CA3410020,"Sacramento, City of",Ying,113367,18337,94990,,,,,,,,,,,,,,,,,,,,,,,,,,,,,,,,,,,,,,,,,,,,,,,,,,,,,,,,,,,,,,,,,,,,,,,,,,,,,,,,,,,,,,113367,59034,19520,0,4777,0,6658,5091,18287,2,,,,,,,,,,,,,,,-40,0
CA3410002,Sacramento County Water Agency,Ying,54320,41000,0,,1000,,,,,,,,,,,,,,,,,,,,,,,,,12320,,,,,,,,,,,,,,,,,,,,,,,,,,,,,,,,,,,,,,,,,,,,,,,,,,,,,,,,,,,39690,25030,3869,0,2368,,540,3487,4397,2,,,,,,,,,,,,,,,0,1
CA3410001,Sacramento Suburban Water District,Ying,70541,31241,,,,,,,,,,,,,,,,,1000,,,,,,,,,,,,,,,,,9300,29000,,,,,,,,,,,,,,,,,,,,,,,,,,,,,,,,,,,,,,,,,,,,,,,,,,,,38015,26308,3311,10,1019,,2100,1629,3639,2,,,,,,,,,,,,,,,0,1
CA3610039,"San Bernardino, City of",Ying,55940,53940,,,,,,,,,,,,,,,,,,,,,,,,,,,,,,,,,,,,,,,,,,,,,,,,,,2000,,,,,,,,,,,,,,,,,,,,,,,,,,,,,,,,,,,,,52627,29843,8500,,4479,,1404,7391,2959,2,,,,,,,,,,,,,,,0,1949
CA3610121,San Bernardino County Service Area 64,Ying,,,,,,,,,,,,,,,,,,,,,,,,,,,,,,,,,,,,,,,,,,,,,,,,,,,,,,,,,,,,,,,,,,,,,,,,,,,,,,,,,,,,,,,,,2867,2422,226,,219,,,,306,1,,,,,,,,,,,,,,,0,306
CA3610019,San Bernardino Valley Regional Urban Water Management Alliance,Ying,,,,,,,,,,,,,,,,,,,,,,,,,,,,,,,,,,,,,,,,,,,,,,,,,,,,,,,,,,,,,,,,,,,,,,,,,,,,,,,,,,,,,,,,,,,,,,,,,,,,,,,,,,,,,,,,,0,0
CA4110023,"San Bruno, City of",Ying,,,,,,,,,,,,,,,,,,,,,,,,,,,,,,,,,,,,,,,,,,,,,,,,,,,,,,,,,,,,,,,,,,,,,,,,,,,,,,,,,,,,,,,,,,,,,,,,,,,,,,,,,,,,,,,,,0,0
CA5610017,"San Buenaventura, City of",Ying,20600,9700,4200,,700,,,,,,,,,,,,,,,,,,,,,,,,,,,,,,,,,,,,,,,,,,,,,,,,,,,,,,,,6000,,,,,,,,,,,,,,,,,,,,,,,,,,,,17351,10684,3384,64,1044,,495,,1680,0,,,,,,,,,,,,,,,20600,0
CA3010036,"San Clemente, City of",Ying,10090,620,,,900,,,,,,,,,,,,,,,,,,,8570,,,,,,,,,,,,,,,,,,,,,,,,,,,,,,,,,,,,,,,,,,,,,,,,,,,,,,,,,,,,,,,,,10090,6110,850,,1800,,,,1330,7,,,,,,,,,,,,,,,0,0
CA3710020,"San Diego, City of",Ying,,,,,,,,,,,,,,,,,,,,,,,,,,,,,,,,,,,,,,,,,,,,,,,,,,,,,,,,,,,,,,,,,,,,,,,,,,,,,,,,,,,,,,,,,204886,98691,27244,2325,20257,,13774,13030,29565,9,,,,,,,,,,,,,,,0,0
CA3710042,San Diego County Water Authority,Ying,482025,,,,,,80200,,,331825,,,,,,,,,,,,,,,,,,,,,70000,,,,,,,,,,,,,,,,,,,,,,,,,,,,,,,,,,,,,,,,,,,,,,,,,,,,,,,,,,566443,314433,201031,,,50980,,,,4,,,,,,,,,,,,,,,0,0
CA3710021,San Dieguito Water District,Ying,6359,0,4359,,448,,,,,,,,,,,,,,,,,,,,,,,,,,,,,,,,,,,,,,,,,,,,,1588,,,,,,,,,,,,,,,,,,,,,,,,,,,,,,,,,,,,,,,6255,4335,491,0,306,195,109,0,819,0,,,,,,,,,,,,,,,36,0
CA1910143,"San Fernando, City of",Ying,3395,3395,,,,,,,,,,,,,,,,,,,,,,,,,,,,,,,,,,,,,,,,,,,,,,,,,,,,,,,,,,,,,,,,,,,,,,,,,,,,,,,,,,,,,,,3396,4231,480,189,70,,,,115,1,,,,,,,,,,,,,,,0,1689
CA3810011,San Francisco Public Utilities Commission,Ying,,,,,,,,,,,,,,,,,,,,,,,,,,,,,,,,,,,,,,,,,,,,,,,,,,,,,,,,,,,,,,,,,,,,,,,,,,,,,,,,,,,,,,,,,,,,,,,,,,,,,,,,,,,,,,,,,0,0
CA1910144,San Gabriel County Water District,Ying,6378,6378,,,,,,,,,,,,,,,,,,,,,,,,,,,,,,,,,,,,,,,,,,,,,,,,,,,,,,,,,,,,,,,,,,,,,,,,,,,,,,,,,,,,,,,6378,4335,1278,,244,,255,0,266,3,,,,,,,,,,,,,,,0,0
CA1910189,San Gabriel Valley Municipal Water District,Ying,17280,,,,,,,,,,17280,,,,,,,,,,,,,,,,,,,,,,,,,,,,,,,,,,,,,,,,,,,,,,,,,,,,,,,,,,,,,,,,,,,,,,,,,,,,,,6775,0,0,0,0,0,0,0,6775,0,,,,,,,,,,,,,,,0,0
CA3310032,"San Jacinto, City of",Ying,2900,2900,,,,,,,,,,,,,,,,,,,,,,,,,,,,,,,,,,,,,,,,,,,,,,,,,,,,,,,,,,,,,,,,,,,,,,,,,,,,,,,,,,,,,,,2817,1782,447,3,459,,,,126,0,,,,,,,,,,,,,,,0,0
CA4310020,"San Jose, City of",Ying,22291,668,,,3339,,,,4592,,,,,,,,,,,,,,,,,,,,,,,,,,,,,,,,,,,,,,,13692,,,,,,,,,,,,,,,,,,,,,,,,,,,,,,,,,,,,,,,,,21545,11330,1178,2303,3047,,327,,4006,7,,,,,,,,,,,,,,,0,646
CA4310011,San Jose Water Company,Ying,133066,51107,15968,,1208,,,,,,,,,,,,,,,,,,,,,,,,,,,,,,,,,,,,,,,,,,,64783,,,,,,,,,,,,,,,,,,,,,,,,,,,,,,,,,,,,,,,,,133066,73567,41854,496,,,6173,581,10395,4,,,,,,,,,,,,,,,0,0
CA3010030,"San Juan Capistrano, City of",Ying,8789,1980,,,430,,,,,,,,,,,,,,,,,,,6379,,,,,,,,,,,,,,,,,,,,,,,,,,,,,,,,,,,,,,,,,,,,,,,,,,,,,,,,,,,,,,,,,,,,,,,,,,,,,,,,,,,,,,,,,0,0
CA3410021,San Juan Water District,Ying,,,,,,,,,,,,,,,,,,,,,,,,,,,,,,,,,,,,,,,,,,,,,,,,,,,,,,,,,,,,,,,,,,,,,,,,,,,,,,,,,,,,,,,,,,,,,,,,,,,,,,,,,,,,,,,,,0,0
CA4010009,"San Luis Obispo, City of",Ying,,,,,,,,,,,,,,,,,,,,,,,,,,,,,,,,,,,,,,,,,,,,,,,,,,,,,,,,,,,,,,,,,,,,,,,,,,,,,,,,,,,,,,,,,,,,,,,,,,,,,,,,,,,,,,,,,0,0
CA3010038,"Santa Ana, City of",Ying,,,,,,,,,,,,,,,,,,,,,,,,,,,,,,,,,,,,,,,,,,,,,,,,,,,,,,,,,,,,,,,,,,,,,,,,,,,,,,,,,,,,,,,,,,,,,,,,,,,,,,,,,,,,,,,,,0,0
CA4210010,"Santa Barbara, City of",Ying,,,,,,,,,,,,,,,,,,,,,,,,,,,,,,,,,,,,,,,,,,,,,,,,,,,,,,,,,,,,,,,,,,,,,,,,,,,,,,,,,,,,,,,,,,,,,,,,,,,,,,,,,,,,,,,,,0,0
CA4310012,"Santa Clara, City of",Ying,,,,,,,,,,,,,,,,,,,,,,,,,,,,,,,,,,,,,,,,,,,,,,,,,,,,,,,,,,,,,,,,,,,,,,,,,,,,,,,,,,,,,,,,,,,,,,,,,,,,,,,,,,,,,,,,,0,0
CA4310027,Santa Clara Valley Water District,Ying,,,,,,,,,,,,,,,,,,,,,,,,,,,,,,,,,,,,,,,,,,,,,,,,,,,,,,,,,,,,,,,,,,,,,,,,,,,,,,,,,,,,,,,,,,,,,,,,,,,,,,,,,,,,,,,,,0,0
CA4410010,"Santa Cruz, City of",Ying,,,,,,,,,,,,,,,,,,,,,,,,,,,,,,,,,,,,,,,,,,,,,,,,,,,,,,,,,,,,,,,,,,,,,,,,,,,,,,,,,,,,,,,,,,,,,,,,,,,,,,,,,,,,,,,,,0,0
CA3710023,Santa Fe Irrigation District,Ying,,,,,,,,,,,,,,,,,,,,,,,,,,,,,,,,,,,,,,,,,,,,,,,,,,,,,,,,,,,,,,,,,,,,,,,,,,,,,,,,,,,,,,,,,,,,,,,,,,,,,,,,,,,,,,,,,0,0
CA1910245,"Santa Fe Springs, City of",Ying,,,,,,,,,,,,,,,,,,,,,,,,,,,,,,,,,,,,,,,,,,,,,,,,,,,,,,,,,,,,,,,,,,,,,,,,,,,,,,,,,,,,,,,,,,,,,,,,,,,,,,,,,,,,,,,,,0,0
CA3010101,Santa Margarita Water District,Ying,,,,,,,,,,,,,,,,,,,,,,,,,,,,,,,,,,,,,,,,,,,,,,,,,,,,,,,,,,,,,,,,,,,,,,,,,,,,,,,,,,,,,,,,,,,,,,,,,,,,,,,,,,,,,,,,,0,0
CA4210011,"Santa Maria, City of",Ying,,,,,,,,,,,,,,,,,,,,,,,,,,,,,,,,,,,,,,,,,,,,,,,,,,,,,,,,,,,,,,,,,,,,,,,,,,,,,,,,,,,,,,,,,,,,,,,,,,,,,,,,,,,,,,,,,0,0
CA1910146,"Santa Monica, City of",Ying,,,,,,,,,,,,,,,,,,,,,,,,,,,,,,,,,,,,,,,,,,,,,,,,,,,,,,,,,,,,,,,,,,,,,,,,,,,,,,,,,,,,,,,,,,,,,,,,,,,,,,,,,,,,,,,,,0,0
CA5610011,"Santa Paula, City of",Ying,,,,,,,,,,,,,,,,,,,,,,,,,,,,,,,,,,,,,,,,,,,,,,,,,,,,,,,,,,,,,,,,,,,,,,,,,,,,,,,,,,,,,,,,,,,,,,,,,,,,,,,,,,,,,,,,,0,0
CA4910009,"Santa Rosa, City of",Ying,,,,,,,,,,,,,,,,,,,,,,,,,,,,,,,,,,,,,,,,,,,,,,,,,,,,,,,,,,,,,,,,,,,,,,,,,,,,,,,,,,,,,,,,,,,,,,,,,,,,,,,,,,,,,,,,,0,0
CA4410013,Scotts Valley Water District,Ying,1507,1358,,0,149,,,,,,,,,,,,,,,,,,,,,,,,,,,,,,,,,,,,,,,,,,,,,,,,,,,,,,,,,,,,,,,,,,,,,,,,,,,,,,,,,,,,1389,873,187,63,217,,48,,1,6,,,,,,,,,,,,,,,0,0
CA3010041,"Seal Beach, City of",Ying,4610,2858,,,,,,,,,,,,,,,,,,,,,,1752,,,,,,,,,,,,,,,,,,,,,,,,,,,,,,,,,,,,,,,,,,,,,,,,,,,,,,,,,,,,,,,,,4979,2015,2411,,,,184,0,369,6,,,,,,,,,,,,,,,0,0
CA3010082,Serrano Water District,Ying,7416,1828,2750,,,,,,,,,,,,,,,,,,,,,2838,,,,,,,,,,,,,,,,,,,,,,,,,,,,,,,,,,,,,,,,,,,,,,,,,,,,,,,,,,,,,,,,,5002,3296,156,0,17,5,,1240,174,5,,,,,,,,,,,,,,,0,-114
CA1510019,"Shafter, City of",Ying,,,,,,,,,,,,,,,,,,,,,,,,,,,,,,,,,,,,,,,,,,,,,,,,,,,,,,,,,,,,,,,,,,,,,,,,,,,,,,,,,,,,,,,,,,,,,,,,,,,,,,,,,,,,,,,,,0,0
CA4510006,"Shasta Lake, City of",Ying,2906,0,0,,284,,,50,,,,,,,,,,,2572,,,,,,,,,,,,,,,,,,,,,,,,,,,,,,,,,,,,,,,,,,,,,,,,,,,,,,,,,,,,,,,,,,,,,,2907,1729,285,271,,,,22.1,600,1,,,,,,,,,,,,,,,0,0.1
CA1910148,"Sierra Madre, City of",Ying,2750,2525,225,,,,,,,,,,,,,,,,,,,,,,,,,,,,,,,,,,,,,,,,,,,,,,,,,,,,,,,,,,,,,,,,,,,,,,,,,,,,,,,,,,,,,,2750,1954,132,528,26,,,,110,0,,,,,,,,,,,,,,,0,0
CA2710011,"Soledad, City of",Jose,2355,2355,,,,,,,,,,,,,,,,,,,,,,,,,,,,,,,,,,,,,,,,,,,,,,,,,,,,,,,,,,,,,,,,,,,,,,,,,,,,,,,,,,,,,,,2355,1612,192,6,289,0,51,0,205,0,,,,,,,,,,,,,,,0,0
CA4910012,"Sonoma, City of",Jose,3301,43,,,1350,,,,,,,,1908,,,,,,,,,,,,,,,,,,,,,,,,,,,,,,,,,,,,,,,,,,,,,,,,,,,,,,,,,,,,,,,,,,,,,,,,,,,,3302,1307,243,0,116,1350,0,0,286,1,,,,,,,,,,,,,,,0,0
CA4410017,Soquel Creek Water District,Jose,4084,4080,,,,,,,,,,4,,,,,,,,,,,,,,,,,,,,,,,,,,,,,,,,,,,,,,,,,,,,,,,,,,,,,,,,,,,,,,,,,,,,,,,,,,,,,3087.37,1957,490,0,147,0,89,0.37,404,,,,,,,,,,,,,,,,0,0
CA3010042,South Coast Water District,Jose,6991,634,,,790,,,,,,,,,,,,,,,,,,,5567,,,,,,,,,,,,,,,,,,,,,,,,,,,,,,,,,,,,,,,,,,,,,,,,,,,,,,,,,,,,,,,,,7353,4224,960,,1791,,,,378,,,,,,,,,,,,,,,,0,0
CA0410006,South Feather Water & Power,Jose,"214,336",,"214,336",,,,,,,,,,,,,,,,,,,,,,,,,,,,,,,,,,,,,,,,,,,,,,,,,,,,,,,,,,,,,,,,,,,,,,,,,,,,,,,,,,,,,,4352,4094,155,0,35,0,56,,12,1,,,,,,,,,,,,,,,0,0
CA1910152,"South Gate, City of",Jose,8403,8403,,,,,,,,,,,,,,,,,,,,,,,,,,,,,,,,,,,,,,,,,,,,,,,,,,,,,,,,,,,,,,,,,,,,,,,,,,,,,,,,,,,,,,,10746,8050,1010,1585,,,,,101,,,,,,,,,,,,,,,,0,0
CA1910154,"South Pasadena, City of",Jose,"4,738","4,713",,,,,,,,,,,,,,,,,,,,,,,,,,,,,,,,25,,,,,,,,,,,,,,,,,,,,,,,,,,,,,,,,,,,,,,,,,,,,,,,,,,,,,,,"4,117","2,660","1,273",,101,,,40,273,5,,,,,,,,,,,,,,,0,230
CA5010040,South San Joaquin Irrigation District,Jose,17430,,17430,,,,,,,,,,,,,,,,,,,,,,,,,,,,,,,,,,,,,,,,,,,,,,,,,,,,,,,,,,,,,,,,,,,,,,,,,,,,,,,,,,,,,,17430,,,,,,,17430,,,,,,,,,,,,,,,,,0,0
CA0910002,South Tahoe Public Utility District,Jose,6546,6546,,,,,,,,,,,,,,,,,,,,,,,,,,,,,,,,,,,,,,,,,,,,,,,,,,,,,,,,,,,,,,,,,,,,,,,,,,,,,,,,,,,,,,,2174,362,1186,,,,,,626,,,,,,,,,,,,,,,,0,0
CA1510025,Stallion Springs Community Services District,Jose,"18,781","10,714",,,,,,,,,"8,067",,,,,,,,,,,,,,,,,,,,,,,,,,,,,,,,,,,,,,,,,,,,,,,,,,,,,,,,,,,,,,,,,,,,,,,,,,,,,,12314,1062,79,,,,,,,1,,,,,,,,,,,,,,,0,-11173
CA3910012,"Stockton, City of",Jose,"35,255","5,475","29,780",,,,,,,,,,,,,,,,,,,,,,,,,,,,,,,,,,,,,,?,,,,,,,,,,,,,,,,,,,,,,,,,,,,,,,,,,,,,,,,,,,,,,,,33333,21686,4471,624,3392,,,,3160,3,,,,,,,,,,,,,,,0,0
CA3910006,Stockton East Water District,Jose,"77,360",3360,,,,,,,,,,,,,,,,,,,,,,,,,,,,,,,,,,,,,,,,,,,,,,,,,,,20000,24000,30000,,,,,,,,,,,,,,,,,,,,,,,,,,,,,,,,,,58000,,,,,,,58000,,,,,,,,,,,,,,,,,0,0
CA1910200,Suburban Water Systems - San Jose Hills,Jose,35989,19294,,,1406,,,,,,,,,,,,,,,,,,,,,,,,,,,,7200,,,,,,,,,,,,,,,,,,,,,,,420,6700,969,,,,,,,,,,,,,,,,,,,,,,,,,,,,,,,28300,19200,4700,1400,,,1500,,1500,2,,,,,,,,,,,,,,,0,0
CA1910059,Suburban Water Systems Whittier-La Mirada,Jose,23541,16785,,,,,,,,,,,,,,,,,,,,,,,,,,,,,,4997,15,,,,,,,,,,,,,,,,,,,,,,,,,,,,,,,,,,,,,,,,,,,,,,,,,,,,,,,,21200,14100,4300,200,,,1300,,1300,2,,,,,,,,,,,,,,,-1744,0
CA3510003,Sunny Slope County Water District,Jose,5811,"4,098",,,203,,,,,,,,,,,,,,,,,,,,,,,,,"1,510",,,,,,,,,,,,,,,,,,,,,,,,,,,,,,,,,,,,,,,,,,,,,,,,,,,,,,,,,,,5284,4210,350,128,242,,232,122,,,,,,,,,,,,,,,,,0,0
CA1910157,Sunny Slope Water Company,Jose,"3,929","3,929",,,,,,,,,,,,,,,,,,,,,,,,,,,,,,,,,,,,,,,,,,,,,,,,,,,,,,,,,,,,,,,,,,,,,,,,,,,,,,,,,,,,,,,3929,,,,,,,"3,558",371,5,,,,,,,,,,,,,,,0,0
CA4310014,"Sunnyvale, City of",Jose,21465,1629,,,1523,,,,8982,,,,,,,,,,,,,,,,,,,,,,,,,,,,,,,,,,,,,,,9331,,,,,,,,,,,,,,,,,,,,,,,,,,,,,,,,,,,,,,,,,24285,15332,4261,,970,,,,3722,4,,,,,,,,,,,,,,,0,0
CA1810001,"Susanville, City of",Jose,3652,3652,,,,,,,,,,,,,,,,,,,,,,,,,,,,,,,,,,,,,,,,,,,,,,,,,,,,,,,,,,,,,,,,,,,,,,,,,,,,,,,,,,,,,,,3652,3090,562,,,,,,,,,,,,,,,,,,,,,,0,0
CA3710025,Sweetwater Authority,Jose,20795,5351,901,,,,,,,,,,,,,,,,,,,,,,,,,,,,,,,,,,,,,,,,,,,,,,,14543,,,,,,,,,,,,,,,,,,,,,,,,,,,,,,,,,,,,,,,20795,14151,3721,292,,21,1781,,829,3,,,,,,,,,,,,,,,0,0
CA4910004,Sweetwater Springs Water District,Jose,827,827,,,,,,,,,,,,,,,,,,,,,,,,,,,,,,,,,,,,,,,,,,,,,,,,,,,,,,,,,,,,,,,,,,,,,,,,,,,,,,,,,,,,,,,827,497,83,,,,12,,235,3,,,,,,,,,,,,,,,0,0
CA3110010,Tahoe City Public Utility,Jose,1412,1338,64,,,,,,,,,,,,,,,,,,,,,,,,,,,,,,,,,,,,,,,,,,,,,,,,,,,,,,,,,9,,,,,,,,,,,,,,,,,,,,,,,,,,,,,2071,1050,120,,,450,132,126,193,3,,,,,,,,,,,,,,,-1,0
CA1510020,Tehachapi Regional Alliance,Jose,"24,350","15,536",,,35,356,,,,,"8,423",,,,,,,,,,,,,,,,,,,,,,,,,,,,,,,,,,,,,,,,,,,,,,,,,,,,,,,,,,,,,,,,,,,,,,,,,,,,,,,,,,,1119,,,,,,,,,,,,,,,,,,,0,1119
CA1910041,Three Valleys Municipal Water District,Jose,,,,,,,,,,,,,,,,,,,,,,,,,,,,,,,,,,,,,,,,,,,,,,,,,,,,,,,,,,,,,,,,,,,,,,,,,,,,,,,,,,,,,,,,,,,,,,,,,,,,,,,,,,,,,,,,,0,0
CA1910213,"Torrance, City of",Jose,25191,1106,,"1,181",,,,,,16471,,,,,,,,,,,,,,,,,,,,,,,,,6433,,,,,,,,,,,,,,,,,,,,,,,,,,,,,,,,,,,,,,,,,,,,,,,,,,,,,,24481,10757,2857,9032,1082,27,,571,155,,,,,,,,,,,,,,,,0,0
CA3010094,Trabuco Canyon Water District,Jose,3519,318,100,,751,,,,,,,,,,,,,,,,,,,"2,350",,,,,,,,,,,,,,,,,,,,,,,,,,,,,,,,,,,,,,,,,,,,,,,,,,,,,,,,,,,,,,,,,3625,1885,135,,1232,174,26,,173,4,,,,,,,,,,,,,,,0,0
CA3910011,"Tracy, City of",Jose,16651,498,,,,,,,,,,,,,,,,,,,,,,,,,,,,5303,,,,,,,,,,,,,,,,,,,,,,,,,,,,,,,,,,,10850,,,,,,,,,,,,,,,,,,,,,,,,15460,"10,404",1346,625,2117,,1143,,900,2,,,,,,,,,,,,,,,0,"1,075"
CA5610043,Triunfo Sanitation District,Jose,3343,,,,786,,,,,,,,,,,,,,,,,,,,,,,,,,,,,,,,,,,2557,,,,,,,,,,,,,,,,,,,,,,,,,,,,,,,,,,,,,,,,,,,,,,,,,3126,2108,34,,178,,,,806,2,,,,,,,,,,,,,,,0,0
CA2910003,Truckee-Donner Public Utilities District,Jose,,,,,,,,,,,,,,,,,,,,,,,,,,,,,,,,,,,,,,,,,,,,,,,,,,,,,,,,,,,,,,,,,,,,,,,,,,,,,,,,,,,,,,,,,5675,4359,370,,812,,130,,4,,,,,,,,,,,,,,,,0,0
CA5410015,"Tulare, City of",Jose,"17,461","17,461",,,,,,,,,,,,,,,,,,,,,,,,,,,,,,,,,,,,,,,,,,,,,,,,,,,,,,,,,,,,,,,,,,,,,,,,,,,,,,,,,,,,,,,"16,667",9423,2353,2509,228,,,,"2,154",,,,,,,,,,,,,,,,0,0
CA5510003,Tuolumne Utilities District,Jose,"27,662","1,311","24,500",,"1,850",,,,,,,,,,,,,,,,,,,,,,,,,,,,,,,,,,,,,,1744,,,,,,,,,,,,,,,,,,,,,,,,,,,,,,,,,,,,,,,,,,,,,,4405,3425,351,3,71,,347,208,,1,,,,,,,,,,,,,,,"1,743",0
CA5010019,"Turlock, City of",Jose,23446,"21,764",,,1129.024,,,,,,,,,,,,,,,,,,,,,,,,,,,,,,,,,,,,,,,,,,,,,,,,,,,,,,,,,,,,,,,,,,,,,,,,,,,,,,,,,,,,9053.668,1175.044,1512.524,3350.256,1757.964,,128.856,,1129.024,2,,,,,,,,,,,,,,,-552,0
CA3010046,"Tustin, City of",Jose,12900,11010,,,,,,,,,,,,,,,,,,,,,,,,,,,,,,,,,,,,,,,,,,,,,,,,1890,,,,,,,,,,,,,,,,,,,,,,,,,,,,,,,,,,,,,,,13000,9484,1162,344,,241,917,,1187,,,,,,,,,,,,,,,,0,335
CA3610049,Twentynine Palms Water District,Jose,2977,2977,,,,,,,,,,,,,,,,,,,,,,,,,,,,,,,,,,,,,,,,,,,,,,,,,,,,,,,,,,,,,,,,,,,,,,,,,,,,,,,,,,,,,,,2674,2169,278,,125,,,,102,3,,,,,,,,,,,,,,,0,0
CA2310003,"Ukiah, City of",Jose,21212,3705,16507,,200,,,,,,,,,,,,,,,,,,,,,,,,,,,,,,,,,,,,,,,,,,,,,,,,,,,,,,,,,,,,,,,,,,,,,800,,,,,,,,,,,,,,,2427,1476,707,51,192,,,,,2,,,,,,,,,,,,,,,-800,-1
CA5610046,United Water Conservation District,Jose,15727,15727,,,,,,,,,,,,,,,,,,,,,,,,,,,,,,,,,,,,,,,,,,,,,,,,,,,,,,,,,,,,,,,,,,,,,,,,,,,,,,,,,,,,,,,15727,,,,,,,15727,,,,,,,,,,,,,,,,,0,0
CA3610050,"Upland, City of",Jose,25408,6081,,,,,,,,,,,,,,,,,,,,,,,,,,,,,,,,,,,,,,,,,,,,,,,,,,,,,,,,,,,,,,,,,,,,5878,9181,,,,4468,,,,,,,,,,,,,,20117,14714,2807,,2085,,,,513,1,,,,,,,,,,,,,,,-4268,2
CA4810008,"Vacaville, City of",Jose,33018,6500,,,,,,,,,18298,,,,,8250,,,,,,,,,,,,,,,,,,,,,,,,,,,,,,,,,,,,,,,,,,,,,,,,,,,,,,,,,,,,,,,,,,,,,,,,,16326,11535,1405,794,765,,681,,1146,2,,,,,,,,,,,,,,,30,0
CA1910240,Valencia Water Company,Jose,33054,,,,,,,,,,,,,,,,,,,,,,,,,,,,,,,,,,,,,,,,,,,,,,,,,,,,,,,,,,,,,,,,,,,,,,,,,,,30354,,,,,,,,,,,,,30354,16229,6981,1856,702,,4586,,,,,,,,,,,,,,,,,,-33054,0
CA3710002,Vallecitos Water District,Jose,"16,308",,,,,,,,,,,,,,,,,,,,,,,,,,,,,,,,,,,,,,,,,,,,,,,,,"16,308",,,,,,,,,,,,,,,,,,,,,,,,,,,,,,,,,,,,,,,15581,9751,947,196,2961,1274,452,,,,,,,,,,,,,,,,,,0,0
CA4810007,"Vallejo, City of",Jose,21759,,,,,,,,,,4394,,,,,,,,,,,,,,,,,,,,,,,,,,,,,,,,,,,,,,,,,,,,,,,,,,,,,,,,,,,,,,,,,,,,2693,14672,,,,,,,,,21759,10137,3040,,1753,,,3559,3270,,,,,,,,,,,,,,,,-17365,0
CA3710026,Valley Center Municipal Water District,Jose,29522,,,,44,,,,,,,,,,,,,,,,,,,,,,,,,,,,,,,,,,,,,,,,,,,,,29478,,,,,,,,,,,,,,,,,,,,,,,,,,,,,,,,,,,,,,,29522,5918,2089,,,19666,137,,1712,2,,,,,,,,,,,,,,,0,0
CA1910009,Valley County Water District,Jose,8347,6580,,,,,,,,,,,,,,,,,,,,,,,,,,,,1609,,,,,,,,,,,,,,,,,,,,,,,,,,,158,,,,,,,,,,,,,,,,,,,,,,,,,,,,,,,,8348,5640,1441,254,,,547,34,432,1,,,,,,,,,,,,,,,0,0
CA1910166,Valley Water Company,Jose,3155,825,,,,,,,,,,,,,,,,,,,,,,,,,,,,,,,,,,,,,,,,,,,,,,,,,,,,,,,,,,,,,,2330,,,,,,,,,,,,,,,,,,,,,,,,,3295,2994,161,,,,,,140,2,,,,,,,,,,,,,,,0,0
CA4910013,Valley of the Moon Water District,Jose,3834,515,,,,,,,,,,,3319,,,,,,,,,,,,,,,,,,,,,,,,,,,,,,,,,,,,,,,,,,,,,,,,,,,,,,,,,,,,,,,,,,,,,,,,,,,,2710,2088,179,,40,,81,,322,5,,,,,,,,,,,,,,,0,0
CA1510029,Vaughn Water Company,Jose,11447,11447,,,,,,,,,,,,,,,,,,,,,,,,,,,,,,,,,,,,,,,,,,,,,,,,,,,,,,,,,,,,,,,,,,,,,,,,,,,,,,,,,,,,,,,11104,9889,247,30,117,,,,5,1,,,,,,,,,,,,,,,0,-816
CA5610023,Ventura County Waterworks District #8,Jose,24160,785,,,,,,,,,,,,,,,,,,,,,,,,,,,,,,,,,,,,,,23312,,,,,,,,,,,,,,,,,,,,,,,,,,,,,,,,,,,,,,,,,,,,,,,,,17867,12479,1114,461,3620,127,66,,,,,,,,,,,,,,,,,,-63,0
CA1910167,"Vernon, City of",Jose,8900,7490,,,736,,,,,,,,,,,,,,,,,,,,,,,,,,,,,,,,,,,,,,674,,,,,,,,,,,,,,,,,,,,,,,,,,,,,,,,,,,,,,,,,,,,,,8901,9,5093,2155,,,31,,1613,,,,,,,,,,,,,,,,0,0
CA3610052,Victorville Water District,Jose,23033,22733,,,300,,,,,,,,,,,,,,,,,,,,,,,,,,,,,,,,,,,,,,,,,,,,,,,,,,,,,,,,,,,,,,,,,,,,,,,,,,,,,,,,,,,,23033,17824,2656,,435,,,,2118,3,,,,,,,,,,,,,,,0,0
CA3710027,Vista Irrigation District,Jose,19235,,3899,,,,,,,,,,,,,,,,,,,,,,,,,,,,,,,,,,,,,,,,,,,,,,,15336,,,,,,,,,,,,,,,,,,,,,,,,,,,,,,,,,,,,,,,19235,12925,1319,570,1720,1075,664,,962,2,,,,,,,,,,,,,,,0,0
CA1910234,Walnut Valley Water District,Jose,26599,688,,,2200,,,,,,,,,,,,,,,,,,,,,,,,,,,,,,,,,,,,,,,,,,,,,,25911,,,,,,,,,,,,,,,,,,,,,,,,,,,,,,,,,,,,,,28110,23643,821,169,2200,,241,,1036,1,,,,,,,,,,,,,,,2200,0
CA1510021,"Wasco, City of",Jose,6547,4681,,,1866,,,,,,,,,,,,,,,,,,,,,,,,,,,,,,,,,,,,,,,,,,,,,,,,,,,,,,,,,,,,,,,,,,,,,,,,,,,,,,,,,,,,6322,3291,581,236,348,1866,,,,,,,,,,,,,,,,,,,0,0
CA4410011,"Watsonville, City of",Jose,"25,597","21,600","2,400",,"1,597",,,,,,,,,,,,,,,,,,,,,,,,,,,,,,,,,,,,,,,,,,,,,,,,,,,,,,,,,,,,,,,,,,,,,,,,,,,,,,,,,,,,7454,4593,1058,362,384,505,41,,511,2,,,,,,,,,,,,,,,0,0
CA1510022,West Kern Water District,Jose,36029,,,,,,,,,,,,,,,,,,,,,,,,,,,,15750,,,,,,,,,,,,,,,,,,,,,,,,,,,,,,,,,,,,,,,,,,,,,,,,,,,,,10279,,,,,,,30258,3705,,15411,812,,465,,9865,,,,,,,,,,,,,,,,-20279,0
CA5710003,"West Sacramento, City of",Jose,13107,,,,,,,,,,,,,,,,,,,,,,,,,,,,,,,,,,,,,,,,,,,,,,,,,,,,,,,,,,,,,,,,,,,,,,,,,,,,,,,,,13107,,,,,,,13107,5460,7647,,,,,,,2,,,,,,,,,,,,,,,-13107,0
CA3610004,West Valley Water District,Jose,25010,18010,,,,,,,,,,,,,,,,,,,,,,,,,,,,,,,,,,,,,,,,,,,,,,,,,,7000,,,,,,,,,,,,,,,,,,,,,,,,,,,,,,,,,,,,,21582,14182,4709,156,,126,,1137,1271,,,,,,,,,,,,,,,,0,-1
CA4110027,Westborough Water District,Jose,1018,,,,,,,,,,,,,,,,,,,,,,,,,,,,,,,,,,,,,,,,,,,,,,,,,,,,,,,,,,,,,,,,,,,,,,,,,,,,,,,,,,,,,,1018,,1018,657,168,,125,,,,68,,,,,,,,,,,,,,,,-1018,0
CA3310049,Western Municipal Water District of Riverside,Jose,,,,,,,,,,,,,,,,,,,,,,,,,,,,,,,,,,,,,,,,,,,,,,,,,,,,,,,,,,,,,,,,,,,,,,,,,,,,,,,,,,,,,,,,,22722,15491,1979,,3212,1832,208,,,,,,,,,,,,,,,,,,0,0
CA3010064,"Westminster, City of",Jose,13807,8557,,,,,,,,,,,,,,,,,,,,,,5250,,,,,,,,,,,,,,,,,,,,,,,,,,,,,,,,,,,,,,,,,,,,,,,,,,,,,,,,,,,,,,,,,11050,8331,1928,81,638,,16,,277,2,,,,,,,,,,,,,,,0,221
CA1910173,"Whittier, City of",Jose,7448,"7,379",,,69,,,,,,,,,,,,,,,,,,,,,,,,,,,,,,,,,,,,,,,,,,,,,,,,,,,,,,,,,,,,,,,,,,,,,,,,,,,,,,,,,,,,7046,,,,,,,,,,,,,,,,,,,,,,,,0,-7046
CA4910017,"Windsor, town of Water District",Jose,3468,,,,,,,,,,,,3468,,,,,,,,,,,,,,,,,,,,,,,,,,,,,,,,,,,,,,,,,,,,,,,,,,,,,,,,,,,,,,,,,,,,,,,,,,,,3712,2570,546,,421,,,,175,,,,,,,,,,,,,,,,0,0
CA5710006,"Woodland, City of",Jose,13921,13921,,,,,,,,,,,,,,,,,,,,,,,,,,,,,,,,,,,,,,,,,,,,,,,,,,,,,,,,,,,,,,,,,,,,,,,,,,,,,,,,,,,,,,,13923,2798,1345,44,1088,,454,,8194,2,,,,,,,,,,,,,,,0,0
CA3010037,Yorba Linda Water District,Jose,20154,"8,368",,,,,,,,,,,,,,,,,,,,,,"11,786",,,,,,,,,,,,,,,,,,,,,,,,,,,,,,,,,,,,,,,,,,,,,,,,,,,,,,,,,,,,,,,,,21196,14509,1863,,3693,89,,,1042,,,,,,,,,,,,,,,,0,0
CA4710011,"Yreka, City of",Jose,12314,,12134,,,,,,,,,,,,,,,,,,,,,,,,,,,,,,,,,,,,,,,,,,,,,,,,,,,,,,,,,,,,,,,,,,,,,,,,,,,,,,,,,,,,,,2244,1363,575,80,70,,98,,58,,,,,,,,,,,,,,,,-180,0
CA5110002,"Yuba City, City of",Jose,,,,,,,,,,,,,,,,,,,,,,,,,,,,,,,,,,,,,,,,,,,,,,,,,,,,,,,,,,,,,,,,,,,,,,,,,,,,,,,,,,,,,,,,,17842,9592,1668,1938,840,,,,3804,,,,,,,,,,,,,,,,0,0
CA3610055,Yucaipa Valley Water District,Jose,3958,2379,121,,341,,,,,,,,,,,,,,,,,,,,,,,,,,,,,,,,,,,,,,,,,,,,,,,1501,,,,,,,,,,,,,,,,,,,,,,,,,,,,,,,,,,,,41,3708,2852,154,26,552,8,,,116,1,,,,,,,,,,,,,,,384,
,,,,,,,,,,,,,,,,,,,,,,,,,,,,,,,,,,,,,,,,,,,,,,,,,,,,,,,,,,,,,,,,,,,,,,,,,,,,,,,,,,,,,,,,,,,,,,,,,,,,,,,,,,,,,,,,,,,0,
,,,,,,,,,,,,,,,,,,,,,,,,,,,,,,,,,,,,,,,,,,,,,,,,,,,,,,,,,,,,,,,,,,,,,,,,,,,,,,,,,,,,,,,,,,,,,,,,,,,,,,,,,,,,,,,,,,,0,
,,,,,,,,,,,,,,,,,,,,,,,,,,,,,,,,,,,,,,,,,,,,,,,,,,,,,,,,,,,,,,,,,,,,,,,,,,,,,,,,,,,,,,,,,,,,,,,,,,,,,,,,,,,,,,,,,,,0,
,,,,,,,,,,,,,,,,,,,,,,,,,,,,,,,,,,,,,,,,,,,,,,,,,,,,,,,,,,,,,,,,,,,,,,,,,,,,,,,,,,,,,,,,,,,,,,,,,,,,,,,,,,,,,,,,,,,0,
,,,,,,,,,,,,,,,,,,,,,,,,,,,,,,,,,,,,,,,,,,,,,,,,,,,,,,,,,,,,,,,,,,,,,,,,,,,,,,,,,,,,,,,,,,,,,,,,,,,,,,,,,,,,,,,,,,,0,
,,,,,,,,,,,,,,,,,,,,,,,,,,,,,,,,,,,,,,,,,,,,,,,,,,,,,,,,,,,,,,,,,,,,,,,,,,,,,,,,,,,,,,,,,,,,,,,,,,,,,,,,,,,,,,,,,,,0,
,,,,,,,,,,,,,,,,,,,,,,,,,,,,,,,,,,,,,,,,,,,,,,,,,,,,,,,,,,,,,,,,,,,,,,,,,,,,,,,,,,,,,,,,,,,,,,,,,,,,,,,,,,,,,,,,,,,0,
,,,,,,,,,,,,,,,,,,,,,,,,,,,,,,,,,,,,,,,,,,,,,,,,,,,,,,,,,,,,,,,,,,,,,,,,,,,,,,,,,,,,,,,,,,,,,,,,,,,,,,,,,,,,,,,,,,,0,
,,,,,,,,,,,,,,,,,,,,,,,,,,,,,,,,,,,,,,,,,,,,,,,,,,,,,,,,,,,,,,,,,,,,,,,,,,,,,,,,,,,,,,,,,,,,,,,,,,,,,,,,,,,,,,,,,,,0,
,,,,,,,,,,,,,,,,,,,,,,,,,,,,,,,,,,,,,,,,,,,,,,,,,,,,,,,,,,,,,,,,,,,,,,,,,,,,,,,,,,,,,,,,,,,,,,,,,,,,,,,,,,,,,,,,,,,0,
,,,,,,,,,,,,,,,,,,,,,,,,,,,,,,,,,,,,,,,,,,,,,,,,,,,,,,,,,,,,,,,,,,,,,,,,,,,,,,,,,,,,,,,,,,,,,,,,,,,,,,,,,,,,,,,,,,,0,
,,,,,,,,,,,,,,,,,,,,,,,,,,,,,,,,,,,,,,,,,,,,,,,,,,,,,,,,,,,,,,,,,,,,,,,,,,,,,,,,,,,,,,,,,,,,,,,,,,,,,,,,,,,,,,,,,,,0,
,,,,,,,,,,,,,,,,,,,,,,,,,,,,,,,,,,,,,,,,,,,,,,,,,,,,,,,,,,,,,,,,,,,,,,,,,,,,,,,,,,,,,,,,,,,,,,,,,,,,,,,,,,,,,,,,,,,0,
,,,,,,,,,,,,,,,,,,,,,,,,,,,,,,,,,,,,,,,,,,,,,,,,,,,,,,,,,,,,,,,,,,,,,,,,,,,,,,,,,,,,,,,,,,,,,,,,,,,,,,,,,,,,,,,,,,,0,
,,,,,,,,,,,,,,,,,,,,,,,,,,,,,,,,,,,,,,,,,,,,,,,,,,,,,,,,,,,,,,,,,,,,,,,,,,,,,,,,,,,,,,,,,,,,,,,,,,,,,,,,,,,,,,,,,,,0,
,,,,,,,,,,,,,,,,,,,,,,,,,,,,,,,,,,,,,,,,,,,,,,,,,,,,,,,,,,,,,,,,,,,,,,,,,,,,,,,,,,,,,,,,,,,,,,,,,,,,,,,,,,,,,,,,,,,0,
,,,,,,,,,,,,,,,,,,,,,,,,,,,,,,,,,,,,,,,,,,,,,,,,,,,,,,,,,,,,,,,,,,,,,,,,,,,,,,,,,,,,,,,,,,,,,,,,,,,,,,,,,,,,,,,,,,,0,
,,,,,,,,,,,,,,,,,,,,,,,,,,,,,,,,,,,,,,,,,,,,,,,,,,,,,,,,,,,,,,,,,,,,,,,,,,,,,,,,,,,,,,,,,,,,,,,,,,,,,,,,,,,,,,,,,,,0,
,,,,,,,,,,,,,,,,,,,,,,,,,,,,,,,,,,,,,,,,,,,,,,,,,,,,,,,,,,,,,,,,,,,,,,,,,,,,,,,,,,,,,,,,,,,,,,,,,,,,,,,,,,,,,,,,,,,0,
,,,,,,,,,,,,,,,,,,,,,,,,,,,,,,,,,,,,,,,,,,,,,,,,,,,,,,,,,,,,,,,,,,,,,,,,,,,,,,,,,,,,,,,,,,,,,,,,,,,,,,,,,,,,,,,,,,,0,
,,,,,,,,,,,,,,,,,,,,,,,,,,,,,,,,,,,,,,,,,,,,,,,,,,,,,,,,,,,,,,,,,,,,,,,,,,,,,,,,,,,,,,,,,,,,,,,,,,,,,,,,,,,,,,,,,,,0,
,,,,,,,,,,,,,,,,,,,,,,,,,,,,,,,,,,,,,,,,,,,,,,,,,,,,,,,,,,,,,,,,,,,,,,,,,,,,,,,,,,,,,,,,,,,,,,,,,,,,,,,,,,,,,,,,,,,0,
,,,,,,,,,,,,,,,,,,,,,,,,,,,,,,,,,,,,,,,,,,,,,,,,,,,,,,,,,,,,,,,,,,,,,,,,,,,,,,,,,,,,,,,,,,,,,,,,,,,,,,,,,,,,,,,,,,,0,
,,,,,,,,,,,,,,,,,,,,,,,,,,,,,,,,,,,,,,,,,,,,,,,,,,,,,,,,,,,,,,,,,,,,,,,,,,,,,,,,,,,,,,,,,,,,,,,,,,,,,,,,,,,,,,,,,,,0,
,,,,,,,,,,,,,,,,,,,,,,,,,,,,,,,,,,,,,,,,,,,,,,,,,,,,,,,,,,,,,,,,,,,,,,,,,,,,,,,,,,,,,,,,,,,,,,,,,,,,,,,,,,,,,,,,,,,0,
,,,,,,,,,,,,,,,,,,,,,,,,,,,,,,,,,,,,,,,,,,,,,,,,,,,,,,,,,,,,,,,,,,,,,,,,,,,,,,,,,,,,,,,,,,,,,,,,,,,,,,,,,,,,,,,,,,,0,
,,,,,,,,,,,,,,,,,,,,,,,,,,,,,,,,,,,,,,,,,,,,,,,,,,,,,,,,,,,,,,,,,,,,,,,,,,,,,,,,,,,,,,,,,,,,,,,,,,,,,,,,,,,,,,,,,,,0,
,,,,,,,,,,,,,,,,,,,,,,,,,,,,,,,,,,,,,,,,,,,,,,,,,,,,,,,,,,,,,,,,,,,,,,,,,,,,,,,,,,,,,,,,,,,,,,,,,,,,,,,,,,,,,,,,,,,0,
,,,,,,,,,,,,,,,,,,,,,,,,,,,,,,,,,,,,,,,,,,,,,,,,,,,,,,,,,,,,,,,,,,,,,,,,,,,,,,,,,,,,,,,,,,,,,,,,,,,,,,,,,,,,,,,,,,,0,
,,,,,,,,,,,,,,,,,,,,,,,,,,,,,,,,,,,,,,,,,,,,,,,,,,,,,,,,,,,,,,,,,,,,,,,,,,,,,,,,,,,,,,,,,,,,,,,,,,,,,,,,,,,,,,,,,,,0,
,,,,,,,,,,,,,,,,,,,,,,,,,,,,,,,,,,,,,,,,,,,,,,,,,,,,,,,,,,,,,,,,,,,,,,,,,,,,,,,,,,,,,,,,,,,,,,,,,,,,,,,,,,,,,,,,,,,0,
,,,,,,,,,,,,,,,,,,,,,,,,,,,,,,,,,,,,,,,,,,,,,,,,,,,,,,,,,,,,,,,,,,,,,,,,,,,,,,,,,,,,,,,,,,,,,,,,,,,,,,,,,,,,,,,,,,,0,
,,,,,,,,,,,,,,,,,,,,,,,,,,,,,,,,,,,,,,,,,,,,,,,,,,,,,,,,,,,,,,,,,,,,,,,,,,,,,,,,,,,,,,,,,,,,,,,,,,,,,,,,,,,,,,,,,,,0,
,,,,,,,,,,,,,,,,,,,,,,,,,,,,,,,,,,,,,,,,,,,,,,,,,,,,,,,,,,,,,,,,,,,,,,,,,,,,,,,,,,,,,,,,,,,,,,,,,,,,,,,,,,,,,,,,,,,0,
,,,,,,,,,,,,,,,,,,,,,,,,,,,,,,,,,,,,,,,,,,,,,,,,,,,,,,,,,,,,,,,,,,,,,,,,,,,,,,,,,,,,,,,,,,,,,,,,,,,,,,,,,,,,,,,,,,,0,
,,,,,,,,,,,,,,,,,,,,,,,,,,,,,,,,,,,,,,,,,,,,,,,,,,,,,,,,,,,,,,,,,,,,,,,,,,,,,,,,,,,,,,,,,,,,,,,,,,,,,,,,,,,,,,,,,,,0,
,,,,,,,,,,,,,,,,,,,,,,,,,,,,,,,,,,,,,,,,,,,,,,,,,,,,,,,,,,,,,,,,,,,,,,,,,,,,,,,,,,,,,,,,,,,,,,,,,,,,,,,,,,,,,,,,,,,0,
,,,,,,,,,,,,,,,,,,,,,,,,,,,,,,,,,,,,,,,,,,,,,,,,,,,,,,,,,,,,,,,,,,,,,,,,,,,,,,,,,,,,,,,,,,,,,,,,,,,,,,,,,,,,,,,,,,,0,
,,,,,,,,,,,,,,,,,,,,,,,,,,,,,,,,,,,,,,,,,,,,,,,,,,,,,,,,,,,,,,,,,,,,,,,,,,,,,,,,,,,,,,,,,,,,,,,,,,,,,,,,,,,,,,,,,,,0,