"","pwsid","Join_Count","TARGET_FID","pwsname","population","severity","median_inc","Simpson","ranksum","ground","surf","imported","recycled","desal","tot","prop_groun","prop_surf","prop_desal","prop_recyc","prop_bank","prop_whole","CASGEM","AdjTxt","Number_of","Number_o_1","Number_o_2","Number_o_3","PWSID_1","PWSID_Dist","Total_per","Total_pe_1","Total_pe_2","Total_pe_3","Rate_of_ch","Rate_of__1","MEDX19_INC","COUNT","Region","District.Name","Number.of..Tier.of.Buyers.below.this.district","Number.of..Tier.of.Seller.above.this.district","Number.of.Buyer.in.the.first.tier","Number.of.Seller.in.the.first.tier"
"1",110001,3,0,"Alameda County Water District",324796,153.26285,117.692,0.552571307,2.084415584,1,1,2,0,1,5,0.479750779,0.03894081,0.017133956,0,0,0.464174455,"20.25,19.75,14.75","0,0,0",0,7,0,2,110001,"Alameda County Water District",94.47,64.24024687,103,73,-8.28,-12,93792,194,"North","Alameda County Water District ",0,1,0,2
"2",110003,1,1,"CA Water Service Co - Livermore",54496,159.4417,117.15,0.41997654,1.428511589,1,0,1,0,0,2,0.299970677,0,0,0,0,0.700029323,"17.25","0",0,2,0,1,110003,"CA Water Service Co - Livermore",104.75,82.44199838,124,92,-15.52,-10,1e+05,45,"North","CA Water Service Co - Livermore ",0,2,0,1
"3",110005,5,2,"East Bay Municipal Utility District",1300000,132.5257333,70.874,0.280532723,1.202992062,0,1,0,1,0,2,0,0.831260681,0,0.168739319,0,0,"0.0,17.25,14.75,0.0,0.0","0,0,0,0,0",0,0,0,0,110005,"East Bay Municipal Utility District",107.1,66.39994087,115,70,-6.87,-5,69267.5,1048,"North",NA,NA,NA,NA,NA
"4",110006,3,3,"Hayward, City of",146398,159.4417,93.125,0,1,0,0,1,0,0,1,0,0,0,0,0,1,"19.75,0.0,14.75","0,0,0",0,3,0,1,110006,"Hayward, City of",84.67,71.96989207,85,57,-0.39,26,63167,127,"North","Hayward, City of ",0,1,0,1
"5",110008,2,4,"Pleasanton, City of",67876,159.4417,135.208,0.339553003,1.276751894,1,0,1,0,0,2,0.21676247,0,0,0,0,0.78323753,"0.0,17.25","0,0",0,2,0,1,110008,"Pleasanton, City of",138.35,94.35165436,167,99,-17.16,-5,126696,47,"North","Pleasanton, City of ",0,2,0,1
"6",110009,1,5,"Dublin San Ramon Service District",49243,159.4417,130.809,0.264384301,1.185913978,0,0,1,1,0,2,0,0,0,0.156768519,0,0.843231481,"17.25","0",0,2,0,1,110009,"Dublin San Ramon Service District",83.62,70.90897671,93,63,-10.09,13,123643.5,32,"North","Dublin San Ramon Service District ",0,2,0,1
"7",110010,3,6,"Alameda County Flood Control District- Zone 7",1000,164.1093333,94.524,0.199593908,1.126683915,0,1,2,0,0,3,0,0.112439623,0,0,0,0.887560377,"0.0,17.25,19.0","0,0,0",1,7,4,2,NA,"",0,0,0,0,0,0,113438,131,"North","Alameda County Flood Control District- Zone 7 ",1,1,4,2
"8",110011,1,7,"Livermore, City of",26307,159.4417,0,0.292260449,1.216118421,0,0,1,1,0,2,0,0,0,0.177663602,0,0.822065982,"17.25","0",0,2,0,1,110011,"Livermore, City of",149.47,94.16859799,179,104,-16.49,-9,104564,51,"North","Livermore, City of ",0,2,0,1
"9",410002,2,8,"CA Water Service Co - Chico Hamilton City District",100086,161.09475,57.896,0,1,1,0,0,0,0,1,1,0,0,0,0,0,"21.5,22.75","0,0",0,0,0,0,410002,"CA Water Service Co - Chico Hamilton City District",159,108.1171368,195,138,-18.46,-22,40938,87,"North",NA,NA,NA,NA,NA
"10",410005,2,9,"CA Water Service Co - Oroville",9427,187.927,24.139,0.365556555,1.317051897,1,0,2,0,0,3,0.240728477,0,0,0,0,0.759271523,"17.5,14.25","0,0",0,7,0,2,410005,"CA Water Service Co - Oroville",193.79,100.3818837,222,108,-12.71,-7,36577,20,"North","CA Water Service Co - Oroville ",0,1,0,2
"11",410007,0,11,"Paradise Irrigation District",26299,175.95875,68.182,0.002298671,1.001151985,1,1,0,0,0,2,0.00115066,0.99884934,0,0,0,0,"","",0,0,0,0,410007,"Paradise Irrigation District",155.45,135.7667065,190,165,-18.19,-18,40536,29,"North",NA,NA,NA,NA,NA
"12",710001,2,12,"Antioch, City of",100945,160.5808,74.792,0.434669257,1.44443199,0,2,1,0,0,3,0,0.307686338,0,0,0,0.692313662,"0.0,19.0","0,0",0,2,0,1,710001,"Antioch, City of",114.39,82.35787953,132,77,-13.34,7,69291,61,"North","Antioch, City of ",0,2,0,1
"13",710002,1,13,"Golden State Water Company - Bay Point",16715,135.3593,76.605,0.19165974,1.120266121,1,0,1,0,0,2,0.107305936,0,0,0,0,0.892237443,"0.0","0",0,2,0,1,710002,"Golden State Water Company - Bay Point",65.56,55.20312223,70,57,-6.34,-3,49335,18,"North","Golden State Water Company - Bay Point ",0,2,0,1
"14",710003,5,14,"Contra Costa Water District",200000,160.2011,96,0.271679152,1.176136364,1,3,2,1,0,7,0.014492754,0.094202899,0,0.041062802,0,0.850241546,"0.0,0.0,0.0,0.0,19.0","0,0,0,0,0",1,3,6,2,710003,"Contra Costa Water District",105.82,78.62535727,111,82,-4.67,-4,75377,320,"North","Contra Costa Water District ",1,1,6,2
"15",710004,1,15,"Brentwood,City of",45892,185.8023,99.263,0.649469413,2.25,1,1,1,1,0,4,0.300469484,0.444444444,0,0.004694836,0,0.250391236,"19.0","0",0,2,0,1,710004,"Brentwood,City of",128.8,99.75842211,156,114,-17.43,-12,90042,18,"North","Brentwood,City of ",0,2,0,1
"16",710006,2,16,"Martinez, City of",37000,135.3593,0,0.003173336,1.001591723,1,0,1,0,0,2,0.001589193,0,0,0,0,0.998410807,"0.0,0.0","0,0",0,2,0,1,710006,"Martinez, City of",80.84,51.74018922,80,37,1.06,40,75735,33,"North","Martinez, City of ",0,2,0,1
"17",710007,1,17,"Diablo Water District",33250,185.8023,0,0.194684457,1.122694276,1,0,1,0,0,2,0.109297148,0,0,0,0,0.890808863,"19.0","0",0,2,0,1,710007,"Diablo Water District",105.26,85.25692195,119,96,-11.55,-11,78073.5,20,"North","Diablo Water District ",0,2,0,1
"18",710008,2,18,"Pittsburg, City of",62000,160.5808,74.345,0.283807282,1.194497761,1,0,1,1,0,3,0.113658275,0,0,0.049169791,0,0.837171934,"0.0,19.0","0,0",0,2,0,1,710008,"Pittsburg, City of",113.28,80.42874893,126,92,-10.1,-13,57375,41,"North","Pittsburg, City of ",0,2,0,1
"19",810001,1,19,"Crescent City, City of",14000,-82.7502,47.792,0,1,1,0,0,0,0,1,1,0,0,0,0,0,"0.0","0",0,0,0,0,810001,"Crescent City, City of",99.01,62.18123646,105,66,-5.7,-6,43281,15,"North",NA,NA,NA,NA,NA
"20",910001,1,20,"El Dorado Irrigation District",112000,182.1619667,64.107,0.770633098,3.055391304,0,4,1,1,0,6,0,0.848678032,0,0.043885363,0,0.107436605,"22.25","0",0,3,0,1,910001,"El Dorado Irrigation District",203.4,138.3153503,298,169,-31.74,-18,70655,82,"North","El Dorado Irrigation District ",0,1,0,1
"21",910002,1,21,"South Tahoe Public Utility District",29500,190.8314,45.444,0,1,1,0,0,0,0,1,1,0,0,0,0,0,"0.0","0",0,0,0,0,910002,"South Tahoe Public Utility District",140.83,59.15004806,182,98,-22.62,-40,47446.5,36,"North",NA,NA,NA,NA,NA
"22",910013,0,22,"Georgetown Divide Public Utility District",9377,173.2804,62.404,0,1,0,1,0,0,0,1,0,1,0,0,0,0,"","",0,0,0,0,910013,"Georgetown Divide Public Utility District",133.81,113.7351854,167,142,-19.88,-20,74750,17,"North",NA,NA,NA,NA,NA
"23",1010001,1,23,"Bakman Water Company",8751,217.0267,0,0,1,1,0,0,0,0,1,1,0,0,0,0,0,"22.75","0",0,0,0,0,1010001,"Bakman Water Company",187.41,164.9190901,272,240,-31.1,-31,37518.5,22,"North",NA,NA,NA,NA,NA
"24",1010003,1,24,"Clovis, City of",98950,217.0267,56.176,0.648384568,2.127486167,2,1,1,1,0,5,0.483516677,0.470038309,0,0.039310442,0,0.007134573,"22.75","0",0,2,0,1,1010003,"Clovis, City of",164.92,123.2110073,228,165,-27.67,-25,66917,85,"North","Clovis, City of ",0,1,0,1
"25",1010007,2,25,"Fresno, City of",457511,216.7658,42.115,0.480043556,1.663967904,1,0,2,1,0,4,0.398481421,0,0,0.000545449,0,0.60097313,"22.75,25.0","0,0",0,3,0,2,1010007,"Fresno, City of",190.6,106.7356014,247,145,-22.83,-26,38434.5,348,"North","Fresno, City of ",0,1,0,2
"26",1010018,1,26,"Kerman, City of",14068,217.0267,44.976,0.194947175,1.122906243,1,0,0,1,0,2,0.8905463,0,0,0.1094537,0,0,"22.75","0",0,0,0,0,1010018,"Kerman, City of",163.96,114.7751528,237,166,-30.82,-31,43116.5,6,"North",NA,NA,NA,NA,NA
"27",1010021,2,27,"Park Water Company",9700,216.7658,25.465,0.36716301,1.303828306,1,0,1,1,0,3,0.209894119,0,0,0.023133731,0,0.766972151,"22.5,22.25","0,0",0,3,0,1,1010021,"Park Water Company",70.22,49.85783771,76,53,-7.6,-6,25542,7,"North","Park Water Company ",0,3,0,1
"28",1010024,1,28,"CA Water Service Co - Selma",24480,217.0267,49.856,0,1,1,0,0,0,0,1,1,0,0,0,0,0,"22.75","0",0,0,0,0,1010024,"CA Water Service Co - Selma",142.31,109.8636542,195,159,-27.02,-31,44663,16,"North",NA,NA,NA,NA,NA
"29",1010027,1,29,"Reedley, City of",26227,217.0267,0,0,0,0,0,0,0,0,0,0,0,0,0,0,0,"22.75","0",0,0,0,0,NA,"",0,0,0,0,0,0,43750,21,"North",NA,NA,NA,NA,NA
"30",1110003,1,30,"CA Water Service Co - Willows",6680,155.651,0,0,1,1,0,0,0,0,1,1,0,0,0,0,0,"19.75","0",0,0,0,0,1110003,"CA Water Service Co - Willows",130.88,91.22204362,175,131,-25.21,-30,47005,8,"North",NA,NA,NA,NA,NA
"31",1210004,1,31,"Eureka, City of",28344,56.4078,27.411,0,1,0,0,1,0,0,1,0,0,0,0,0,1,"0.0","0",1,3,1,1,1210004,"Eureka, City of",101.96,59.1394677,114,73,-10.56,-19,39436,36,"North","Eureka, City of ",1,1,1,1
"32",1210006,1,32,"Fortuna, City of",11649,74.0133,0,0,1,1,0,0,0,0,1,1,0,0,0,0,0,"16.25","0",0,0,0,0,1210006,"Fortuna, City of",90.52,72.4146501,106,106,-14.61,-32,46958,11,"North",NA,NA,NA,NA,NA
"33",1210009,1,33,"Humboldt Community Services District",19000,56.4078,51.579,0.454977987,1.538374718,1,0,2,0,0,3,0.349963316,0,0,0,0,0.650036684,"0.0","0",0,3,0,2,1210009,"Humboldt Community Services District",100.22,60.13371739,110,69,-8.89,-13,51088,26,"North","Humboldt Community Services District ",0,2,0,2
"34",1210013,1,34,"Humboldt Bay Municipal WD",80000,56.4078,45.769,0,1,0,1,0,0,0,1,0,1,0,0,0,0,"0.0","0",2,0,4,0,1210013,"Humboldt Bay Municipal Water District",984.99,71.01771537,983,79,0.2,-10,33162,3,"North","Humboldt Bay Municipal Water District ",2,0,4,0
"35",1210016,2,35,"McKinleyville Community Services District",15132,56.4078,40.388,0,1,0,0,1,0,0,1,0,0,0,0,0,1,"0.0,0.0","0,0",0,3,0,1,1210016,"McKinleyville Community Services District",70.35,61.20647807,83,59,-15.24,4,48086,11,"North","McKinleyville Community Services District ",0,1,0,1
"36",1210021,1,36,"Arcata, City of",735,56.4078,0,0.29881802,1.223749313,1,0,1,0,0,2,0.182839173,0,0,0,0,0.817160827,"0.0","0",0,3,0,1,1210021,"Arcata, City of",94.08,47.98123431,106,43,-11.24,12,59687.5,2,"North","Arcata, City of ",0,1,0,1
"37",1310001,1,37,"Brawley, City of",27748,-13.9743,24.628,0,1,0,0,1,0,0,1,0,0,0,0,0,1,"0.0","0",0,2,0,1,1310001,"Brawley, City of",151.96,124.0004404,212,115,-28.32,8,42273,17,"South","Brawley, City of ",0,1,0,1
"38",1310002,1,38,"Calexico, City of",38572,-13.9743,0,0,0,0,0,0,0,0,0,0,0,0,0,0,0,"0.0","0",0,0,0,0,NA,"",0,0,0,0,0,0,31079,15,"South",NA,NA,NA,NA,NA
"39",1310004,1,39,"El Centro, City of",45365,-13.9743,39.125,0,1,0,0,1,0,0,1,0,0,0,0,0,1,"0.0","0",0,2,0,1,1310004,"El Centro, City of",144.72,101.3044988,171,120,-15.37,-16,33912,28,"South","El Centro, City of ",0,1,0,1
"40",1310006,1,40,"Imperial, City of",14758,-13.9743,0,0,1,0,0,1,0,0,1,0,0,0,0,0,1,"0.0","0",0,2,0,1,1310006,"Imperial, City of",125.41,96.76286724,145,104,-13.51,-7,55043,6,"South","Imperial, City of ",0,1,0,1
"41",1500333,1,41,"CA Water Service Co - Antelope Valley",241,144.0867,31.447,0.283164783,1.205882353,1,0,1,0,0,2,0.828389831,0,0,0,0,0.170550847,"10.75","0",0,2,0,1,1500333,"CA Water Service Co - Antelope Valley",142.31,130.3570607,178,161,-20.05,-19,30022.5,4,"South","CA Water Service Co - Antelope Valley ",0,2,0,1
"42",1510001,1,42,"Arvin Community Services District",16000,217.0267,20.903,0,1,1,0,0,0,0,1,1,0,0,0,0,0,"22.5","0",0,0,0,0,1510001,"Arvin Community Services District",93.26,77.40781974,111,97,-15.98,-20,32240,9,"North",NA,NA,NA,NA,NA
"43",1510003,1,43,"CA Water Service Co - Bakersfield",255071,217.0267,42.045,0.490185083,1.754222071,1,0,2,0,0,3,0.570053254,0,0,0,0,0.429946746,"22.5","0",1,3,1,1,1510003,"CA Water Service Co - Bakersfield",176.38,123.4692781,220,163,-19.83,-24,38036,185,"North","CA Water Service Co - Bakersfield ",1,2,1,1
"44",1510005,1,44,"Delano, City of",49800,217.0267,30.833,0.450140863,1.520008629,1,0,0,1,0,2,0.657891002,0,0,0.342108998,0,0,"22.5","0",0,0,0,0,1510005,"Delano, City of",136.42,69.57661,165,88,-17.32,-21,42481,25,"North",NA,NA,NA,NA,NA
"45",1510006,1,45,"East Niles Community Services District",26000,217.0267,28.186,0.488144543,1.733127055,1,0,1,0,0,2,0.423008257,0,0,0,0,0.576991743,"22.5","0",0,3,0,1,1510006,"East Niles Community Services District",233.08,195.788963,342,192,-31.85,2,41540,26,"North","East Niles Community Services District ",0,2,0,1
"46",1510015,1,47,"Oildale Mutual Water Company",260000,217.0267,0,0.041357067,1.021580677,1,0,1,0,0,2,0.02112479,0,0,0,0,0.97887521,"22.5","0",0,2,0,1,1510015,"Oildale Mutual Water Company",216.89,168.286876,277,215,-21.7,-22,37708,31,"North","Oildale Mutual Water Company ",0,3,0,1
"47",1510017,2,48,"Indian Wells Valley Water District",29000,52.08595,103.447,0.402723649,1.387846764,1,0,0,1,0,2,0.720540643,0,0,0.279459357,0,0,"19.25,14.75","0,0",0,0,0,0,1510017,"Indian Wells Valley Water District",173.24,147.4310569,182,153,-4.81,-4,56602.5,36,"South",NA,NA,NA,NA,NA
"48",1510018,2,49,"Rosamond Community Services District",13431,144.0867,54.224,0.174817898,1.107142857,1,0,1,0,0,2,0.903225806,0,0,0,0,0.096774194,"21.5,10.75","0,0",0,2,0,1,1510018,"Rosamond Community Services District",112.62,102.4868044,146,130,-22.86,-21,54423,13,"South","Rosamond Community Services District ",0,2,0,1
"49",1510019,1,50,"Shafter, City of",16208,217.0267,41.25,0,1,1,0,0,0,0,1,1,0,0,0,0,0,"22.5","0",0,0,0,0,1510019,"Shafter, City of",202.99,172.537749,260,148,-21.93,17,40996,12,"North",NA,NA,NA,NA,NA
"50",1510021,1,52,"Wasco, City of",19511,217.0267,36.058,0.407563792,1.398632771,1,0,0,1,0,2,0.714983962,0,0,0.285016038,0,0,"22.5","0",0,0,0,0,1510021,"Wasco, City of",125.66,89.21867667,144,95,-12.74,-6,41896,11,"North",NA,NA,NA,NA,NA
"51",1510022,2,53,"West Kern Water District",16800,216.2163333,47.625,0,1,0,0,5,0,0,5,0,0,0,0,0,1,"22.5,0.0","0,0",0,4,0,5,1510022,"West Kern Water District",624.4,68.68409689,734,113,-14.93,-39,43203,15,"North","West Kern Water District ",0,2,0,5
"52",1510025,1,54,"Stallion Springs Community Services District",2488,214.3257,60.192,0,1,1,0,0,0,0,1,1,0,0,0,0,0,"22.0","1",0,0,0,0,NA,"",0,0,0,0,0,0,56007,1,"North",NA,NA,NA,NA,NA
"53",1510029,1,55,"Vaughn Water Company",28451,217.0267,83.259,0,1,1,0,0,0,0,1,1,0,0,0,0,0,"22.5","0",0,0,0,0,1510029,"Vaughn Water Company",287.51,276.0087177,367,353,-21.66,-22,92511.5,20,"North",NA,NA,NA,NA,NA
"54",1510031,1,56,"Bakersfield, City of",150380,217.0267,57.201,0.212914089,1.137823889,1,0,2,0,0,3,0.878870632,0,0,0,0,0.121129368,"22.5","0",0,3,0,2,1510031,"Bakersfield, City of",211.57,164.6662066,240,176,-11.85,-6,68750,79,"North","Bakersfield, City of ",0,3,0,2
"55",1510041,1,57,"North of The River Municipal Water District",7500,217.0267,64.312,0,1,0,0,1,0,0,1,0,0,0,0,0,1,"22.5","0",1,3,1,1,NA,"",0,0,0,0,0,0,35252.5,26,"North","North of The River Municipal Water District ",1,2,1,1
"56",1510045,1,58,"Golden Hills Community Services District",7434,214.3257,56.433,0,1,1,0,0,0,0,1,1,0,0,0,0,0,"20.25","1",0,0,0,0,NA,"",0,0,0,0,0,0,64594.5,8,"North",NA,NA,NA,NA,NA
"57",1510049,1,59,"CA Water Service Co - Kern River Vly",689,214.3257,0,0.340042178,1.277456647,1,1,0,0,0,2,0.78280543,0.21719457,0,0,0,0,"0.0","0",0,0,0,0,1510049,"CA Water Service Co - Kern River Vly",109.29,99.67649016,145,129,-24.62,-23,19211,1,"North",NA,NA,NA,NA,NA
"58",1610003,2,61,"Hanford, City of",54200,217.0267,50.446,0,1,1,0,0,0,0,1,1,0,0,0,0,0,"22.25,26.5","0,0",0,0,0,0,1610003,"Hanford, City of",181.96,124.3134047,278,136,-34.55,-9,46875,37,"North",NA,NA,NA,NA,NA
"59",1610005,1,62,"Lemoore, City of",25460,217.0267,76.023,0,0,0,0,0,0,0,0,0,0,0,0,0,0,"22.25","0",0,0,0,0,1610005,"",224.93,92.21925633,290,180,-22.44,-49,50056.5,16,"North",NA,NA,NA,NA,NA
"60",1810001,1,63,"Susanville, City of",9137,191.9662,43.698,0.655108253,2.503401361,3,0,0,0,0,3,1,0,0,0,0,0,"0.0","0",0,0,0,0,1810001,"Susanville, City of",255.07,191.9914666,333,232,-23.4,-17,44864,11,"North",NA,NA,NA,NA,NA
"61",1910001,1,64,"Alhambra, City of",92158,195.9725,90.444,0,0,0,0,0,0,0,0,0,0,0,0,0,0,"21.25","1",0,0,0,0,1910001,"",95.31,95.30740494,98,98,-2.75,-3,54080,78,"South",NA,NA,NA,NA,NA
"62",1910003,2,65,"Arcadia, City of",44818,194.8976,63.71,0.406597754,1.37637219,2,0,1,0,0,3,0.981896443,0,0,0,0,0.018103557,"21.25,20.75","1,1",0,6,0,1,1910003,"Arcadia, City of",209.16,161.0555665,232,176,-9.84,-8,80370,63,"South","Arcadia, City of ",0,2,0,1
"63",1910004,1,66,"Golden State Water Company - Artesia",34785,193.8227,62.483,0.147979121,1.086527294,1,0,1,1,0,3,0.920363442,0,0,0.009976839,0,0.069659719,"24.75","1",0,2,0,1,1910004,"Golden State Water Company - Artesia",93.06,67.56351941,97,72,-4.06,-6,72482.5,44,"South","Golden State Water Company - Artesia ",0,4,0,1
"64",1910007,1,67,"Azusa, City of",108000,193.8227,77.332,0.359337881,1.306847819,1,1,0,0,0,2,0.765200037,0.234799963,0,0,0,0,"21.25","1",0,0,0,0,1910007,"Azusa, City of",138.34,74.70351005,149,80,-7.15,-7,52206,25,"South",NA,NA,NA,NA,NA
"65",1910011,1,69,"Golden State Water Company - Bell-Bell Gardens",24394,195.9725,0,0.069634414,1.037152305,1,0,1,1,0,3,0.96399775,0,0,0.024376524,0,0.011438215,"24.75","1",0,3,0,1,1910011,"Golden State Water Company - Bell-Bell Gardens",71.37,53.24415366,74,54,-3.55,-1,36688.5,48,"South","Golden State Water Company - Bell-Bell Gardens ",0,3,0,1
"66",1910013,1,70,"Bellflower-Somerset Mutual Water Company",28000,193.8227,0,0,0,0,0,0,0,0,0,0,0,0,0,0,0,"24.75","1",0,0,0,0,1910013,"",90.05,77.44494614,95,82,-5.21,-6,54522,43,"South",NA,NA,NA,NA,NA
"67",1910017,1,71,"Castaic Lake Water Agency Santa Clarita Water Division",124192,200.7674,87.723,0,1,0,0,1,0,0,1,0,0,0,0,0,1,"22.75","0",1,3,1,1,NA,"",0,0,0,0,0,0,80769,83,"South","Castaic Lake Water Agency Santa Clarita Water Division ",1,2,1,1
"68",1910019,2,72,"Cerritos, City of",51488,193.8227,62.331,0.313951942,1.232008593,1,0,1,1,0,3,0.81168265,0,0,0.163034002,0,0.025283348,"0.0,24.75","0,1",1,3,1,1,1910019,"Cerritos, City of",126.32,109.8967614,142,124,-11.04,-11,84474,53,"South","Cerritos, City of ",1,3,1,1
"69",1910024,2,73,"Golden State Water Company - Claremont",36468,151.22935,51.588,0.52246128,1.920433996,2,0,1,0,0,3,0.546421846,0,0,0,0,0.453578154,"21.25,0.0","1,1",0,3,0,1,1910024,"Golden State Water Company - Claremont",193.11,131.5076464,215,137,-10.18,-4,68110.5,32,"South","Golden State Water Company - Claremont ",0,3,0,1
"70",1910026,1,74,"Compton, City of",71000,195.9725,27.357,0.413073853,1.411476446,1,0,1,0,0,2,0.708477993,0,0,0,0,0.291522007,"24.75","1",0,6,0,1,1910026,"Compton, City of",76.4,53.47762964,79,54,-3.3,-1,44455,92,"South","Compton, City of ",0,2,0,1
"71",1910027,2,75,"Los Angeles County Water District #40",599,91.0842,0,0,0,0,0,0,0,0,0,0,0,0,0,0,0,"15.75,21.5","1,0",0,0,0,0,1910027,"Los Angeles County Water District #40",165.95,127.7795805,202,156,-17.85,-18,35038.5,8,"South",NA,NA,NA,NA,NA
"72",1910028,1,76,"Crescenta Valley Water District",35000,195.9725,0,0.47544247,1.637171418,1,0,1,0,0,2,0.610809588,0,0,0,0,0.389190412,"19.75","1",0,2,0,1,1910028,"Crescenta Valley Water District",102.02,89.78161421,106,94,-3.75,-4,92450.5,32,"South","Crescenta Valley Water District ",0,3,0,1
"73",1910030,3,77,"Golden State Water Company - Culver City",31541,196,0,0,1,0,0,1,0,0,1,0,0,0,0,0,1,"20.75,24.75,19.25","1,1,0",0,2,0,1,1910030,"Golden State Water Company - Culver City",121.82,67.12076402,125,70,-2.55,-4,74545.5,58,"South","Golden State Water Company - Culver City ",0,3,0,1
"74",1910032,2,78,"Foothill Municipal Water District",0,195.9725,78.833,0.020195994,1.010307235,0,0,1,1,0,2,0,0,0,0.01020208,0,0.98979792,"20.75,19.75","1,1",1,6,4,1,NA,"",0,0,0,0,0,0,115448.5,52,"South","Foothill Municipal Water District ",1,2,4,1
"75",1910033,2,79,"CA Water Service Co - Dominguez District",144147,195.98625,63.382,0.52980485,1.584732502,1,0,1,1,0,3,0.228843639,0,0,0.140135038,0,0.631021323,"20.75,24.75","1,1",0,2,0,1,1910033,"CA Water Service Co - Dominguez District",196.41,77.18822806,215,69,-8.65,12,67727,137,"South","CA Water Service Co - Dominguez District ",0,3,0,1
"76",1910034,1,80,"Downey, City of",110500,194.8976,0,0.083714266,1.045777037,1,0,0,1,0,2,0.956226771,0,0,0.043773229,0,0,"24.75","1",0,0,0,0,1910034,"Downey, City of",109.95,82.13180613,117,87,-6.03,-6,61665.5,62,"South",NA,NA,NA,NA,NA
"77",1910036,1,81,"CA Water Service Co - East Los Angeles District",149316,195.9725,51.552,0.498214998,1.887238416,1,0,1,0,0,2,0.470125241,0,0,0,0,0.529874759,"24.75","1",0,3,0,1,1910036,"CA Water Service Co - East Los Angeles District",80.89,42.22314979,83,45,-2.55,-6,42500,125,"South","CA Water Service Co - East Los Angeles District ",0,3,0,1
"78",1910038,1,82,"El Monte, City of",22968,195.9725,67.143,0,1,1,0,0,0,0,1,1,0,0,0,0,0,"21.25","1",0,0,0,0,1910038,"El Monte, City of",82.69,50.35808427,99,61,-16.47,-17,40867,28,"South",NA,NA,NA,NA,NA
"79",1910041,3,83,"Three Valleys Municipal Water District",73493,151.22935,95.536,0,1,0,0,1,0,0,1,0,0,0,0,0,1,"0.0,21.25,0.0","0,1,1",2,6,7,1,1910041,"Three Valleys Municipal Water District",166.11,116.6895181,181,125,-8.23,-7,68968.5,318,"South","Three Valleys Municipal Water District ",2,2,7,1
"80",1910042,2,84,"Pico Rivera, City of",39000,194.8976,0,0.010284535,1.005195843,1,0,0,1,0,2,0.995028833,0,0,0.005170014,0,0,"24.75,21.25","1,1",0,0,0,0,1910042,"Pico Rivera, City of",100.71,65.46442367,106,78,-4.99,-16,61008,42,"South",NA,NA,NA,NA,NA
"81",1910043,2,85,"Glendale, City of",201893,195.9725,95.417,0.565911079,1.6918429,2,0,1,1,0,4,0.349571429,0,0,0.059357143,0,0.591071429,"20.75,19.75","1,1",0,6,0,1,1910043,"Glendale, City of",105.41,73.78430115,108,86,-2.4,-14,59643,167,"South","Glendale, City of ",0,2,0,1
"82",1910044,1,86,"Glendora, City of",45213,193.8227,0,0.11318861,1.064021068,1,1,1,0,0,3,0.939750811,0.000768049,0,0,0,0.059395801,"21.25","1",1,3,1,1,1910044,"Glendora, City of",159.36,124.3009703,170,133,-6.26,-7,76967,44,"South","Glendora, City of ",1,3,1,1
"83",1910047,1,87,"Hawthorne, City of",42965,196,39.323,0.038927619,1.020260492,0,0,1,1,0,2,0,0,0,0.019858156,0,0.980141844,"20.75","1",0,2,0,1,1910047,"Hawthorne, City of",81.52,64.40179497,81,67,0.64,-4,45931,43,"South","Hawthorne, City of ",0,3,0,1
"84",1910049,1,89,"Huntington Park, City of",21740,195.9725,0,0.413774905,1.399713877,1,0,1,1,0,3,0.714431725,0,0,0.010425184,0,0.275143091,"24.75","1",0,3,0,1,1910049,"Huntington Park, City of",58.97,38.15378253,61,40,-3.33,-5,39041,53,"South","Huntington Park, City of ",0,3,0,1
"85",1910052,3,91,"CA-American Water - Los Angeles",23168,196,56.25,0.578240559,1.612831507,3,1,3,0,0,7,0.823700276,0.082315872,0,0,0,0.093983852,"20.75,24.75,19.25","1,1,0",0,6,0,3,1910052,"CA-American Water - Los Angeles",148.99,116.21349,161,125,-7.46,-7,70119,31,"South","CA-American Water - Los Angeles ",0,3,0,3
"86",1910062,1,93,"La Verne, City of",31153,193.8227,0,0.449415425,1.517368962,1,0,1,0,0,2,0.340964508,0,0,0,0,0.659035492,"21.25","1",0,3,0,1,1910062,"La Verne, City of",182.64,138.3289054,215,160,-15.05,-14,69188,31,"South","La Verne, City of ",0,3,0,1
"87",1910063,1,94,"Lincoln Avenue Water Company",16000,195.9725,0,0.338735024,1.275577558,1,0,1,0,0,2,0.216041397,0,0,0,0,0.783958603,"20.75","1",0,2,0,1,1910063,"Lincoln Avenue Water Company",149.08,102.8684326,113,98,31.93,5,83733,20,"South","Lincoln Avenue Water Company ",0,3,0,1
"88",1910065,3,95,"Long Beach Water Department",462257,195.2650667,72.279,0.568160449,1.83084692,1,0,1,1,0,3,0.54619531,0,0,0.10332871,0,0.35047598,"0.0,20.75,24.75","0,1,1",0,6,0,1,1910065,"Long Beach Water Department",98.73,72.07052638,100,69,-1.27,4,58875,383,"South","Long Beach Water Department ",0,2,0,1
"89",1910067,7,96,"Los Angeles Department of Water and Power",4094764,197.184975,76.862,0.625112315,2.105076267,1,2,1,1,0,5,0.138587196,0.359581045,0,0.026789588,0,0.475042171,"20.75,24.75,19.25,0.0,21.25,20.75,19.75","1,1,0,0,1,1,1",0,6,0,1,1910067,"Los Angeles Department of Water and Power",108.18,73.5602691,113,77,-4.27,-4,51646,2854,"South","Los Angeles Department of Water and Power ",0,2,0,1
"90",1910073,1,97,"Lomita, City of",20256,196,0,0.46408742,1.577284372,1,0,1,0,0,2,0.365998917,0,0,0,0,0.634001083,"20.75","1",0,2,0,1,1910073,"Lomita, City of",88.56,79.70681156,90,81,-1.6,-2,60861,24,"South","Lomita, City of ",0,3,0,1
"91",1910077,1,98,"Golden State Water Company - Florence-Graham",31396,195.9725,0,0.451198352,1.52390791,1,0,1,0,0,2,0.656207631,0,0,0,0,0.343792369,"24.75","1",0,3,0,1,1910077,"Golden State Water Company - Florence-Graham",64.13,50.59957617,65,53,-1.34,-5,33625,65,"South","Golden State Water Company - Florence-Graham ",0,3,0,1
"92",1910079,1,99,"Lynwood, City of",71061,195.9725,44.267,0.085967196,1.047130779,1,0,1,0,0,2,0.954990551,0,0,0,0,0.045009449,"24.75","1",0,3,0,1,1910079,"Lynwood, City of",71.66,35.1785422,78,35,-8.13,1,44022,65,"South","Lynwood, City of ",0,3,0,1
"93",1910083,1,100,"Manhattan Beach, City of",33852,196,0,0.521111279,1.71772229,1,0,1,1,0,3,0.371210778,0,0,0.046622939,0,0.582166283,"20.75","1",0,2,0,1,1910083,"Manhattan Beach, City of",114.8,80.93154127,122,86,-5.9,-6,137538,48,"South","Manhattan Beach, City of ",0,3,0,1
"94",1910087,49,101,"Metropolitan Water District of Southern California",0,139.3584313,79.261,0.501848092,1.633252679,1,1,3,0,0,5,0.348952381,0.038772487,0,0,0,0.612275132,"0.0,0.0,0.0,0.0,0.0,15.75,0.0,0.0,0.0,0.0,0.0,19.0,0.0,0.0,0.0,0.0,0.0,0.0,0.0,0.0,0.0,0.0,0.0,0.0,20.75,0.0,0.0,0.0,24.75,19.25,0.0,0.0,0.0,0.0,0.0,21.25,0.0,0.0,13.0,20.75,0.0,0.0,0.0,26.75,0.0,17.25,0.0,0.0,19.75","0,0,0,0,0,0,0,0,0,0,0,0,0,0,1,0,0,0,1,0,0,0,0,0,1,1,0,1,1,0,1,0,0,0,0,1,1,1,0,1,0,0,0,0,0,0,0,1,1",5,7,29,2,NA,"",0,0,0,0,0,0,62276,11127,"South","Metropolitan Water District of Southern California ",5,1,29,2
"95",1910090,2,102,"Monrovia, City of",39984,194.8976,0,0,1,1,0,0,0,0,1,1,0,0,0,0,0,"21.25,20.75","1,1",0,0,0,0,1910090,"Monrovia, City of",147.93,125.7365961,162,107,-8.69,18,73203,41,"South",NA,NA,NA,NA,NA
"96",1910091,1,103,"Montebello Land and Water Company",12730,195.9725,0,0,1,1,0,0,0,0,1,1,0,0,0,0,0,"24.75","1",0,0,0,0,1910091,"Montebello Land and Water Company",83.04,66.43495775,87,69,-4.55,-4,45801,25,"South",NA,NA,NA,NA,NA
"97",1910096,1,104,"Newhall County Water District",12656,200.7674,48.707,0,1,0,0,1,0,0,1,0,0,0,0,0,1,"22.75","0",0,3,0,1,1910096,"Newhall County Water District",160.62,135.9008352,190,126,-15.46,8,75845,26,"South","Newhall County Water District ",0,2,0,1
"98",1910098,1,105,"Golden State Water Company - Norwalk",31294,193.8227,0,0.543466592,1.87514103,1,0,1,1,0,3,0.533293221,0,0,0.055555556,0,0.411151223,"24.75","1",0,3,0,1,1910098,"Golden State Water Company - Norwalk",85.35,62.13421709,88,62,-3.01,0,62171,49,"South","Golden State Water Company - Norwalk ",0,3,0,1
"99",1910102,1,107,"Palmdale Water District",115000,144.0867,16.707,0.581573309,2.020408163,1,1,1,0,0,3,0.404040404,0.101010101,0,0,0,0.494949495,"21.5","0",1,7,1,1,1910102,"Palmdale Water District",130.44,104.3533297,161,129,-18.98,-19,47724.5,54,"South","Palmdale Water District ",1,1,1,1
"100",1910104,1,108,"CA Water Service Co - Palos Verdes",67762,196,0,0,1,0,0,1,0,0,1,0,0,0,0,0,1,"20.75","1",0,2,0,1,1910104,"CA Water Service Co - Palos Verdes",212.76,169.9979357,216,178,-1.5,-4,106250,63,"South","CA Water Service Co - Palos Verdes ",0,3,0,1
"101",1910105,1,109,"Paramount, City of",54098,194.8976,0,0.518204124,1.684787792,1,0,1,1,0,3,0.593546561,0,0,0.050099066,0,0.356354373,"24.75","1",0,3,0,1,1910105,"Paramount, City of",97.19,60.25795143,85,56,14.34,8,45868,46,"South","Paramount, City of ",0,3,0,1
"102",1910124,2,110,"Pasadena, City of",175957,195.9725,0,0.507721679,1.600899101,1,1,1,0,0,3,0.313468539,0.061882475,0,0,0,0.624648986,"21.25,20.75","1,1",1,6,1,1,1910124,"Pasadena, City of",146.47,101.7981909,158,106,-7.3,-4,81208.5,162,"South","Pasadena, City of ",1,2,1,1
"103",1910125,1,111,"Pico Water District",24000,194.8976,0,0,1,1,0,0,0,0,1,1,0,0,0,0,0,"24.75","1",0,0,0,0,1910125,"Pico Water District",97.69,87.9231684,104,94,-6.06,-6,58889,35,"South",NA,NA,NA,NA,NA
"104",1910126,2,112,"Pomona, City of",149058,151.22935,0,0.674913605,2.048934721,3,1,1,0,0,5,0.678030483,0.153696406,0,0.003466122,0,0.164806989,"21.25,0.0","1,1",0,3,0,1,1910126,"Pomona, City of",109.98,80.28901799,122,86,-9.85,-7,55333,109,"South","Pomona, City of ",0,3,0,1
"105",1910130,1,113,"Quartz Hill Water District",17000,144.0867,0,0.456104252,1.542857143,1,0,1,0,0,2,0.351851852,0,0,0,0,0.648148148,"21.5","0",0,2,0,1,1910130,"Quartz Hill Water District",175.41,171.9004569,258,253,-32.01,-32,71940,19,"South","Quartz Hill Water District ",0,2,0,1
"106",1910134,1,114,"CA Water Service Co - Hermosa Redondo District",93730,196,0,0.220406662,1.14217923,1,0,1,1,0,3,0.113774369,0,0,0.010706296,0,0.875519335,"20.75","1",0,2,0,1,1910134,"CA Water Service Co - Hermosa Redondo District",100.33,69.63224396,103,78,-2.59,-11,91705,254,"South","CA Water Service Co - Hermosa Redondo District ",0,3,0,1
"107",1910140,1,115,"Rubio Canyon Land & Water Assoc",9600,195.9725,0,0.530423571,1.65993538,1,1,1,0,0,3,0.60243309,0.081265207,0,0,0,0.316301703,"20.75","1",0,2,0,1,1910140,"Rubio Canyon Land & Water Assoc",158.28,144.0309777,177,162,-10.58,-11,101624.5,18,"South","Rubio Canyon Land & Water Assoc ",0,3,0,1
"108",1910142,1,116,"Golden State Water Company - San Dimas",52718,193.8227,0,0.451376618,1.489938758,1,1,1,0,0,3,0.312866969,0.015936923,0,0,0,0.671112229,"21.25","1",0,3,0,2,1910142,"Golden State Water Company - San Dimas",155.31,107.9386766,177,115,-12.26,-6,78989.5,54,"South","Golden State Water Company - San Dimas ",0,3,0,2
"109",1910143,1,117,"San Fernando, City of",23728,195.9725,0,0,1,1,0,0,0,0,1,1,0,0,0,0,0,"19.75","1",0,0,0,0,1910143,"San Fernando, City of",104.31,87.62034879,113,95,-7.69,-8,54940,29,"South",NA,NA,NA,NA,NA
"110",1910144,1,118,"San Gabriel County Water District",45000,195.9725,0,0,1,1,0,0,0,0,1,1,0,0,0,0,0,"21.25","1",0,0,0,0,1910144,"San Gabriel County Water District",105.78,79.33177373,109,82,-2.96,-3,50268,53,"South",NA,NA,NA,NA,NA
"111",1910146,1,119,"Santa Monica, City of",89735,196,0,0.266503536,1.185708173,1,0,1,1,0,3,0.148827138,0,0,0.00779502,0,0.843377842,"19.25","0",0,6,0,1,1910146,"Santa Monica, City of",113.39,74.83713496,116,76,-2.25,-2,81667,91,"South","Santa Monica, City of ",0,2,0,1
"112",1910148,1,120,"Sierra Madre, City of",10800,195.9725,0,0.150247934,1.089108911,1,1,0,0,0,2,0.918181818,0.081818182,0,0,0,0,"20.75","1",0,0,0,0,1910148,"Sierra Madre, City of",154.24,149.6168331,171,165,-9.8,-9,107407,14,"South",NA,NA,NA,NA,NA
"113",1910152,1,121,"South Gate, City of",98434,195.9725,0,0,1,1,0,0,0,0,1,1,0,0,0,0,0,"24.75","1",0,0,0,0,1910152,"South Gate, City of",71.58,64.42093642,75,68,-4.56,-5,40985.5,74,"South",NA,NA,NA,NA,NA
"114",1910154,3,122,"South Pasadena, City of",25619,195.9725,0,0.010497293,1.005304477,1,0,1,0,0,2,0.994723512,0,0,0,0,0.005276488,"21.25,20.75,19.75","1,1,1",0,2,0,1,1910154,"South Pasadena, City of",118.31,97.21207526,125,94,-5.36,3,75667,31,"South","South Pasadena, City of ",0,3,0,1
"115",1910155,2,123,"Golden State Water Company - Southwest",169445,195.98625,0,0.596138321,2.158925088,2,0,1,0,0,3,0.571270829,0,0,0.007327846,0,0.421401325,"20.75,24.75","1,1",0,3,0,1,1910155,"Golden State Water Company - Southwest",88.52,62.58394272,92,62,-3.78,1,47531,248,"South","Golden State Water Company - Southwest ",0,3,0,1
"116",1910156,3,124,"Beverly Hills, City of",44290,196,0,0.179975594,1.11109228,1,0,1,0,0,2,0.099984747,0,0,0,0,0.900015253,"24.75,19.25,0.0","1,0,0",0,6,0,1,1910156,"Beverly Hills, City of",217.81,163.3551892,217,147,0.37,11,93362.5,60,"South","Beverly Hills, City of ",0,2,0,1
"117",1910157,4,125,"Sunny Slope Water Company",30531,193.7665,64.239,0.288228554,1.211532532,2,0,0,0,0,2,1,0,0,0,0,0,"21.25,20.75,0.0,0.0","1,1,0,0",0,0,0,0,1910157,"Sunny Slope Water Company",94.4,79.28058653,100,85,-5.6,-7,71646,54,"North",NA,NA,NA,NA,NA
"118",1910166,1,126,"Valley Water Company",9900,195.9725,0,0.386225673,1.354077253,1,0,1,0,0,2,0.261489699,0,0,0,0,0.738510301,"20.75","1",0,2,0,1,1910166,"Valley Water Company",268.53,230.9324568,299,263,-10.19,-12,153029,18,"South","Valley Water Company ",0,3,0,1
"119",1910167,1,127,"Vernon, City of",45000,195.9725,0,0.279208151,1.188276138,1,0,1,0,0,2,0.841649809,0,0,0.082715217,0,0.075747359,"24.75","1",0,3,0,1,1910167,"Vernon, City of",55341.77,42.05974762,67832,41,-18.41,3,35344,10,"South","Vernon, City of ",0,3,0,1
"120",1910173,2,128,"Whittier, City of",48000,193.8227,0,0.018356812,1.009350861,1,0,0,1,0,2,0.990735768,0,0,0.009264232,0,0,"24.75,21.25","1,1",0,0,0,0,1910173,"Whittier, City of",127.62,91.88323394,129,93,-1.07,-1,64793,52,"South",NA,NA,NA,NA,NA
"121",1910179,1,129,"Burbank, City of",108469,195.9725,0,0.579409302,2.199556317,1,0,1,1,0,3,0.454637143,0,0,0.092146885,0,0.453215972,"19.75","1",0,6,0,1,1910179,"Burbank, City of",126.59,92.96518411,135,97,-6.23,-4,72256,99,"South","Burbank, City of ",0,2,0,1
"122",1910189,2,130,"San Gabriel Valley Municipal Water District",7851,195.9725,0,0,1,0,0,1,0,0,1,0,0,0,0,0,1,"24.75,21.25","1,1",0,7,0,1,1910189,"San Gabriel Valley Municipal Water District",149.08,97.49839337,175,114,-14.81,-14,48224,59,"South","San Gabriel Valley Municipal Water District ",0,1,0,1
"123",1910191,1,131,"Norwalk, City of",18361,193.8227,0,0,0,0,0,0,0,0,0,0,0,0,0,0,0,"24.75","1",0,0,0,0,1910191,"",96.47,91.64376847,101,96,-4.49,-5,61250,39,"South",NA,NA,NA,NA,NA
"124",1910194,2,132,"Rowland Water District",58000,193.8227,0,0.087393562,1.047588717,1,0,1,1,0,3,0.036219925,0,0,0.009206983,0,0.954573091,"0.0,21.25","0,1",0,3,0,1,1910194,"Rowland Water District",148.4,75.68443968,153,78,-3.01,-3,63203,43,"South","Rowland Water District ",0,3,0,1
"125",1910200,0,133,"Suburban Water Systems - San Jose Hills",600,193.8227,0,0.530586025,1.86529491,1,0,4,1,0,6,0.536108255,0,0,0.039067493,0,0.424824252,"","",0,2,0,4,1910200,"Suburban Water Systems - San Jose Hills",118.06,82.9522343,130,92,-9.18,-10,92898,1,"South","Suburban Water Systems - San Jose Hills ",0,4,0,4
"126",1910204,2,134,"Los Angeles County Water District #29",25585,195.98625,0,0,1,0,0,1,0,0,1,0,0,0,0,0,1,"0.0,19.25","0,0",0,2,0,1,1910204,"Los Angeles County Water District #29",287.97,236.1314031,281,230,2.48,3,120560,26,"South","Los Angeles County Water District #29 ",0,3,0,1
"127",1910213,1,136,"Torrance, City of",115000,196,0,0.169205098,1.099851554,1,0,2,0,1,4,0.043904569,0,0.046881823,0,0,0.909213608,"20.75","1",0,6,0,2,1910213,"Torrance, City of",136.47,73.6952866,132,75,3.39,-2,77438,108,"South","Torrance, City of ",0,3,0,2
"128",1910223,2,137,"Golden State Water Company - South San Gabriel",16134,195.9725,0,0.21972499,1.143707483,1,0,1,0,0,2,0.8746746,0,0,0,0,0.125697285,"24.75,21.25","1,1",0,2,0,1,1910223,"Golden State Water Company - South San Gabriel",77.63,62.49016491,81,62,-4.16,1,42244,29,"South","Golden State Water Company - South San Gabriel ",0,3,0,1
"129",1910225,4,138,"Las Virgenes Water District",75400,195.9908333,0,0,1,0,0,1,0,0,1,0,0,0,0,0,1,"0.0,0.0,0.0,19.75","0,0,0,1",0,6,0,1,1910225,"Las Virgenes Water District",212.35,182.6206892,230,161,-7.67,13,116848,63,"South","Las Virgenes Water District ",0,2,0,1
"130",1910234,1,139,"Walnut Valley Water District",106383,193.8227,0,0.160203453,1.094091313,1,0,1,1,0,3,0.024268934,0,0,0.061730573,0,0.914000494,"21.25","1",1,3,1,1,1910234,"Walnut Valley Water District",130.9,112.5738237,142,120,-7.82,-6,86667,35,"South","Walnut Valley Water District ",1,3,1,1
"131",1910239,1,140,"Lakewood, City of",67304,193.8227,0,0.088643595,1.048748353,1,0,0,1,0,2,0.953517588,0,0,0.046482412,0,0,"24.75","1",0,0,0,0,1910239,"Lakewood, City of",99.45,83.53592569,104,74,-4.38,13,81885.5,84,"South",NA,NA,NA,NA,NA
"132",1910240,1,141,"Valencia Water Company",113000,200.7674,71.336,0,1,0,0,1,0,0,1,0,0,0,0,0,1,"22.75","0",0,2,0,1,1910240,"Valencia Water Company",175.06,91.16965047,210,104,-16.64,-12,100625,53,"South","Valencia Water Company ",0,3,0,1
"133",1910245,1,142,"Santa Fe Springs, City of",17438,194.8976,0,0.366304525,1.283069288,1,0,2,1,0,4,0.141326986,0,0,0.079291877,0,0.779381137,"24.75","1",0,6,0,2,1910245,"Santa Fe Springs, City of",258.71,69.85299454,276,75,-6.26,-7,66709,55,"South","Santa Fe Springs, City of ",0,3,0,2
"134",1910253,4,143,"Central Basin Municipal Water District",0,195.2650667,0,0.423121512,1.401995204,1,0,1,1,0,3,0.713269202,0,0,0.02713662,0,0.259594178,"0.0,20.75,24.75,21.25","0,1,1,1",2,6,14,1,NA,"",0,0,0,0,0,0,52385,1212,"South","Central Basin Municipal Water District ",2,2,14,1
"135",2010002,1,144,"Madera, City of",58178,216.5049,20.045,0,1,1,0,0,0,0,1,1,0,0,0,0,0,"25.0","0",0,0,0,0,2010002,"Madera, City of",129.99,89.69335754,160,136,-18.76,-34,34800,35,"North",NA,NA,NA,NA,NA
"136",2110002,3,145,"Marin Municipal Water District",190800,75.0144,93.438,0.403494034,1.368768674,0,1,1,1,0,3,0,0.73058364,0,0.019684436,0,0.249731924,"0.0,0.0,0.0","0,0,0",0,2,0,1,2110002,"Marin Municipal Water District",108.64,81.48026568,122,91,-10.95,-10,103005,146,"North","Marin Municipal Water District ",0,1,0,1
"137",2110003,4,146,"North Marin Water District",56000,72.91183333,64.479,0.436280488,1.447402388,0,1,1,1,0,3,0,0.293501282,0,0.015605841,0,0.690892877,"0.0,0.0,0.0,0.0","0,0,0,0",0,2,0,1,2110003,"North Marin Water District",105.14,86.21885082,138,113,-23.81,-24,82383,43,"North","North Marin Water District ",0,1,0,1
"138",2310003,1,147,"Ukiah, City of",15955,71.924,38.25,0.362398606,1.285030593,1,2,1,1,0,5,0.174665284,0.77819159,0,0.009428625,0,0.037714501,"15.75","0",0,2,0,1,NA,"",0,0,0,0,0,0,45199,19,"North","Ukiah, City of ",0,1,0,1
"139",2410005,1,148,"Los Banos, City of",36198,216.5049,50.922,0,1,1,0,0,0,0,1,1,0,0,0,0,0,"22.25","0",0,0,0,0,2410005,"Los Banos, City of",159.88,103.9250548,213,128,-24.94,-19,42167,19,"North",NA,NA,NA,NA,NA
"140",2410009,1,149,"Merced, City of",80095,216.5049,41.84,0,1,1,0,0,0,0,1,1,0,0,0,0,0,"22.5","0",0,0,0,0,2410009,"Merced, City of",191.66,137.9956243,248,179,-22.72,-23,31705,49,"North",NA,NA,NA,NA,NA
"141",2610001,0,150,"Mammoth Community Water District",8237,164.2724,27.423,0.631812056,2.164879357,1,1,0,1,0,3,0.33993808,0.461919505,0,0.198142415,0,0,"","",0,0,0,0,2610001,"Mammoth Community Water District",87.65,52.59262472,117,70,-25.08,-25,60518,9,"North",NA,NA,NA,NA,NA
"142",2701202,1,151,"CA-American Water - Monterey District",465,203.9213,0,0.52734096,1.551920514,2,2,0,0,1,5,0.261534858,0.730658131,0.007728941,0,0,0,"0.0","0",0,0,0,0,2701202,"CA-American Water - Monterey District",88.91,61.35062448,97,66,-8.34,-7,58036,1,"North",NA,NA,NA,NA,NA
"143",2710009,1,152,"CA Water Service Co - King City",14781,203.9213,0,0,1,1,0,0,0,0,1,1,0,0,0,0,0,"0.0","0",0,0,0,0,2710009,"CA Water Service Co - King City",86.65,47.57236535,99,49,-12.47,-3,39261.5,8,"North",NA,NA,NA,NA,NA
"144",2710010,4,153,"CA Water Service Co - Salinas",114840,179.72955,43.922,0,1,1,0,0,0,0,1,1,0,0,0,0,0,"0.0,0.0,0.0,0.0","0,0,0,0",0,0,0,0,2710010,"CA Water Service Co - Salinas",108.79,58.96224811,125,68,-12.97,-13,56806,63,"North",NA,NA,NA,NA,NA
"145",2710011,1,154,"Soledad, City of",16146,203.9213,0,0,1,1,0,0,0,0,1,1,0,0,0,0,0,"0.0","0",0,0,0,0,2710011,"Soledad, City of",107.7,82.93107031,118,91,-8.73,-9,49166,6,"North",NA,NA,NA,NA,NA
"146",2710017,3,155,"Marina Coast Water District",34600,170.2374,83.981,0,1,1,0,0,0,0,1,1,0,0,0,0,0,"0.0,0.0,0.0","0,1,0",0,0,0,0,2710017,"Marina Coast Water District",89.01,70.65992069,92,51,-3.24,39,75519,30,"North",NA,NA,NA,NA,NA
"147",2810003,3,156,"Napa, City of",79959,119.06775,88.472,0.490152335,1.664516129,0,2,1,0,0,3,0,0.614341085,0,0,0,0.385658915,"0.0,0.0,0.0","0,0,0",1,7,1,1,2810003,"Napa, City of",118.98,77.33412718,143,93,-16.8,-17,74338,80,"North","Napa, City of ",1,1,1,1
"148",2810005,1,157,"American Canyon, City of",15300,102.7762,134.773,0.046031193,1.024140212,0,0,3,1,0,4,0,0,0,0.023571198,0,0.976428802,"0.0","0",0,7,0,3,2810005,"American Canyon, City of",129.64,70.00737033,147,74,-11.81,-5,89914,14,"North","American Canyon, City of ",0,2,0,3
"149",2910003,1,158,"Truckee-Donner Public Utilities District",16280,194.3171,47.683,0,1,1,0,0,0,0,1,1,0,0,0,0,0,"17.0","0",0,0,0,0,2910003,"Truckee-Donner Public Utilities District",99.36,82.46808585,132,103,-24.73,-20,75405,18,"North",NA,NA,NA,NA,NA
"150",3010001,1,159,"Anaheim, City of",346823,166.1529,0,0.441634029,1.490690008,1,0,1,0,0,2,0.670830283,0,0,0,0,0.329169717,"0.0","0",0,6,0,1,3010001,"Anaheim, City of",137.63,79.96435492,147,85,-6.37,-6,60884,242,"South","Anaheim, City of ",0,2,0,1
"151",3010002,1,160,"Brea, City of",39870,193.8227,0,0.020177276,1.010297483,1,0,2,0,0,3,0.010192525,0,0,0,0,0.989807475,"0.0","0",0,3,0,2,3010002,"Brea, City of",196.91,110.2681692,228,91,-13.64,21,91146,38,"South","Brea, City of ",0,3,0,2
"152",3010003,2,161,"Buena Park, City of",82450,193.8227,0,0.512239117,1.709634425,1,1,1,0,0,3,0.58492037,0,0,0.035081858,0,0.379997773,"0.0,24.75","0,1",0,3,0,1,3010003,"Buena Park, City of",133.1,78.52920513,148,87,-10.07,-10,72697,69,"South","Buena Park, City of ",0,3,0,1
"153",3010004,1,162,"Mesa Consolidated Water District",117178,152.318,0,0.309756616,1.220125786,1,0,1,1,0,3,0.819587629,0,0,0.056701031,0,0.12371134,"0.0","0",0,3,0,1,3010004,"Mesa Consolidated Water District",125.21,78.00867732,127,79,-1.41,-1,70943,96,"South","Mesa Consolidated Water District ",0,3,0,1
"154",3010010,1,163,"Fullerton, City of",137367,193.8227,0,0.471203446,1.612921901,1,0,1,0,0,2,0.619992821,0,0,0,0,0.380007179,"0.0","0",0,6,0,1,3010010,"Fullerton, City of",160.5,105.9635241,172,109,-6.68,-3,67886,132,"South","Fullerton, City of ",0,2,0,1
"155",3010017,0,164,"Laguna Beach County Water District",25000,158.28375,0,0,1,0,0,1,0,0,1,0,0,0,0,0,1,"","",0,3,0,1,3010017,"Laguna Beach County Water District",143.23,93.00139305,150,92,-4.51,1,84775,23,"South","Laguna Beach County Water District ",0,3,0,1
"156",3010018,2,165,"La Habra, City of",61454,193.8227,0,0.358172847,1.304978701,1,0,2,0,0,3,0.233703968,0,0,0,0,0.766296032,"0.0,24.75","0,1",0,3,0,2,3010018,"La Habra, City of",117.12,91.47194266,128,95,-8.5,-4,68835,55,"South","La Habra, City of ",0,3,0,2
"157",3010022,2,166,"Golden State Water Company - West Orange",108995,194.91135,0,0.441409535,1.489961014,1,0,2,0,0,3,0.671158501,0,0,0,0,0.328841499,"0.0,24.75","0,1",0,3,0,2,3010022,"Golden State Water Company - West Orange",107.23,80.6367909,114,81,-5.94,0,79348.5,98,"South","Golden State Water Company - West Orange ",0,4,0,2
"158",3010023,1,167,"Newport Beach, City of",84218,141.7345,0,0.497620566,1.655889375,1,0,1,1,0,3,0.603905077,0,0,0.02595374,0,0.370141184,"0.0","0",0,3,0,1,3010023,"Newport Beach, City of",182.32,63.81353508,208,88,-12.34,-27,108020.5,88,"South","Newport Beach, City of ",0,3,0,1
"159",3010027,1,168,"Orange, City of",138640,166.8786667,0,0.505591046,1.660454961,1,0,1,1,0,3,0.60224458,0,0,0.036696126,0,0.361059295,"0.0","0",0,3,0,1,3010027,"Orange, City of",202.4,182.1590245,177,106,14.35,72,81518,117,"South","Orange, City of ",0,3,0,1
"160",3010030,1,169,"San Juan Capistrano, City of",36037,120.5675,0,0.420078206,1.377802163,1,0,1,1,0,3,0.225281602,0,0,0.048924792,0,0.725793606,"0.0","0",0,3,0,1,3010030,"San Juan Capistrano, City of",160.57,100.0366478,186,110,-13.67,-9,79399.5,36,"South","San Juan Capistrano, City of ",0,3,0,1
"161",3010035,1,170,"Golden State Water Company - Placentia",36374,151.22935,0,0.484226929,1.698351772,1,0,1,0,0,2,0.588806169,0,0,0,0,0.411193831,"0.0","0",0,3,0,1,3010035,"Golden State Water Company - Placentia",114.79,84.25923705,125,90,-8.16,-6,76176.5,44,"South","Golden State Water Company - Placentia ",0,3,0,1
"162",3010036,1,171,"San Clemente, City of",43900,120.5675,0,0.266862853,1.177362894,1,0,1,1,0,3,0.061446977,0,0,0.089197225,0,0.849355798,"0.0","0",0,3,0,1,3010036,"San Clemente, City of",131.05,102.3490661,150,96,-12.63,7,88848,41,"South","San Clemente, City of ",0,3,0,1
"163",3010037,1,172,"Yorba Linda Water District",77513,151.22935,0,0.485618916,1.709994909,1,0,1,0,0,2,0.415202937,0,0,0,0,0.584797063,"0.0","0",0,3,0,1,3010037,"Yorba Linda Water District",180.73,133.742142,203,151,-10.97,-11,104779,61,"South","Yorba Linda Water District ",0,3,0,1
"164",3010038,1,173,"Santa Ana, City of",353428,166.8786667,0,0.475607353,1.619713435,1,0,1,1,0,3,0.617393162,0,0,0.004188034,0,0.378418803,"0.0","0",0,6,0,1,3010038,"Santa Ana, City of",91.17,61.08693006,95,64,-4.03,-5,55147,181,"South","Santa Ana, City of ",0,2,0,1
"165",3010041,3,174,"Seal Beach, City of",24157,194.91135,0,0.471220821,1.613016095,1,0,1,0,0,2,0.619956616,0,0,0,0,0.380043384,"0.0,20.75,24.75","0,1,1",1,3,1,1,3010041,"Seal Beach, City of",116.16,57.03635155,126,62,-7.81,-8,87398.5,44,"South","Seal Beach, City of ",1,3,1,1
"166",3010042,1,175,"South Coast Water District",21000,120.5675,0,0.344897247,1.255793066,1,0,1,1,0,3,0.090688027,0,0,0.113002432,0,0.796309541,"0.0","0",0,3,0,1,3010042,"South Coast Water District",130.24,94.03268357,136,92,-4.24,2,96014,21,"South","South Coast Water District ",0,3,0,1
"167",3010046,1,176,"Tustin, City of",62100,152.318,0,0.270906267,1.192680192,1,0,1,0,0,2,0.838447731,0,0,0,0,0.161552269,"0.0","0",0,2,0,1,3010046,"Tustin, City of",127.43,112.1361548,139,124,-8.33,-10,76537.5,58,"South","Tustin, City of ",0,4,0,1
"168",3010047,1,177,"Golden State Water Company - Cowan Heights",8869,152.318,0,0.48782541,1.730040595,1,0,1,0,0,2,0.578021118,0,0,0,0,0.421978882,"0.0","0",0,2,0,1,3010047,"Golden State Water Company - Cowan Heights",264.13,256.4708805,282,275,-6.34,-7,149333.5,12,"South","Golden State Water Company - Cowan Heights ",0,4,0,1
"169",3010053,1,178,"Huntington Beach, City of",201000,152.318,0,0.471186316,1.612829073,1,0,1,0,0,2,0.620028505,0,0,0,0,0.379971495,"0.0","0",0,3,0,1,3010053,"Huntington Beach, City of",115.12,86.33632644,122,83,-5.64,4,87143,150,"South","Huntington Beach, City of ",0,3,0,1
"170",3010062,1,179,"Garden Grove, City of",172781,166.1529,0,0.471200667,1.61290684,1,0,1,0,0,2,0.619998611,0,0,0,0,0.380001389,"0.0","0",0,3,0,1,3010062,"Garden Grove, City of",111.56,65.82130892,117,69,-4.65,-5,58249.5,122,"South","Garden Grove, City of ",0,3,0,1
"171",3010064,1,180,"Westminster, City of",93027,196,0,0.471315998,1.61353278,1,0,1,0,0,2,0.619758094,0,0,0,0,0.380241906,"0.0","0",0,3,0,1,3010064,"Westminster, City of",102.58,73.75512259,111,83,-7.59,-11,57949,83,"South","Westminster, City of ",0,3,0,1
"172",3010068,1,181,"East Orange County Water District",3000,152.318,0,0.226699269,1.149871355,1,0,1,0,0,2,0.130337498,0,0,0,0,0.869662502,"0.0","0",1,3,2,1,3010068,"East Orange County Water District",197.08,193.5322695,215,209,-8.34,-7,120625,8,"South","East Orange County Water District ",1,3,2,1
"173",3010069,1,182,"Fountain Valley, City of",55942,152.318,0,0.590132903,1.878428597,1,0,1,1,0,3,0.532359868,0,0,0.141309468,0,0.326330664,"0.0","0",0,6,0,1,3010069,"Fountain Valley, City of",119.8,86.25778244,141,73,-15.03,18,85937.5,56,"South","Fountain Valley, City of ",0,2,0,1
"174",3010073,1,183,"Moulton Niguel Water District",166661,158.28375,0,0.332222662,1.266407244,0,0,1,1,0,2,0,0,0,0.210364593,0,0.789635407,"0.0","0",0,3,0,1,3010073,"Moulton Niguel Water District",126.25,87.11052903,139,104,-9.17,-16,95813,133,"South","Moulton Niguel Water District ",0,3,0,1
"175",3010079,1,184,"El Toro Water District",50800,158.28375,0,0.087196269,1.04787234,0,0,1,1,0,2,0,0,0,0.045685279,0,0.954314721,"0.0","0",0,3,0,1,3010079,"El Toro Water District",139.14,94.50220036,173,107,-19.57,-12,95048,41,"South","El Toro Water District ",0,3,0,1
"176",3010082,1,185,"Serrano Water District",6251,108.636,0,0.655284676,2.613107822,1,1,1,0,0,3,0.246494067,0.370819849,0,0,0,0.382686084,"0.0","0",0,3,0,1,NA,"",0,0,0,0,0,0,132067,15,"South","Serrano Water District ",0,3,0,1
"177",3010094,1,187,"Trabuco Canyon Water District",14217,141.7345,0,0.499519961,1.497446809,1,1,1,1,0,4,0.090366581,0.028417164,0,0.213412901,0,0.667803353,"0.0","0",0,3,0,1,3010094,"Trabuco Canyon Water District",164.45,134.852561,179,91,-8.13,48,138244,19,"South","Trabuco Canyon Water District ",0,3,0,1
"178",3010100,2,188,"La Palma, City of",16500,193.8227,0,0.471108499,1.612407862,1,0,1,0,0,2,0.620190476,0,0,0,0,0.379809524,"0.0,24.75","0,1",0,3,0,1,3010100,"La Palma, City of",100.14,62.08510226,109,80,-8.13,-22,86500,18,"South","La Palma, City of ",0,3,0,1
"179",3010101,2,189,"Santa Margarita Water District",155000,120.5675,0,0.293676779,1.216974748,1,0,1,1,0,3,0.001902309,0,0,0.176387954,0,0.821709737,"0.0,0.0","0,0",0,3,0,1,3010101,"Santa Margarita Water District",135.69,113.8438176,152,97,-10.73,17,109737,121,"South","Santa Margarita Water District ",0,3,0,1
"180",3110001,2,190,"North Tahoe Public Utility District",5000,190.8314,38.701,0.180957499,1.108208955,3,0,0,0,0,3,0,1,0,0,0,0,"0.0,0.0","0,0",0,0,0,0,3110001,"North Tahoe Public Utility District",123.47,106.6748844,155,132,-20.34,-19,70972,9,"North",NA,NA,NA,NA,NA
"181",3110004,1,191,"Lincoln, City of",42819,171.8005,63.602,0.187208748,1.116733406,1,0,1,0,0,2,0.104531131,0,0,0,0,0.895468869,"22.5","0",0,3,0,1,3110004,"Lincoln, City of",103,89.61123665,184,146,-44.02,-39,71134,24,"North","Lincoln, City of ",0,2,0,1
"182",3110008,1,192,"Roseville, City of",119000,179.84045,85.234,0.069076331,1.037152174,0,0,3,1,0,4,0,0,0,0.035821334,0,0.964178666,"22.5","0",0,3,0,3,3110008,"Roseville, City of",166.14,86.82348531,215,97,-22.73,-10,73582.5,84,"North","Roseville, City of ",0,3,0,3
"183",3110010,3,193,"Tahoe City Public Utility",3997,192.57425,75.45,0.103315025,1.057419836,1,1,1,0,0,3,0.945698166,0.047954866,0,0,0,0.006346968,"0.0,0.0,17.0","0,0,0",0,2,0,1,3110010,"Tahoe City Public Utility",95.52,45.56465284,126,93,-24.19,-51,68182,16,"North","Tahoe City Public Utility ",0,1,0,1
"184",3110124,0,194,"Placer County Water Agency",56,173.95725,0,0.513821899,1.985422648,1,2,1,0,0,4,0.000690841,0.495638064,0,0,0,0.503671096,"","",2,4,5,1,3110124,"Placer County Water Agency",208.52,154.3044887,272,169,-23.34,-9,49632.5,2,"North","Placer County Water Agency ",2,1,5,1
"185",3310002,2,195,"Beaumont-Cherry Valley Water District",36887,53.92966667,59.814,0.445155817,1.502412492,1,0,1,0,0,2,0.66559617,0,0,0,0,0.33440383,"18.75,0.0","0,1",0,2,0,1,3310002,"Beaumont-Cherry Valley Water District",214,156.2176601,272,131,-21.32,19,55817,20,"South","Beaumont-Cherry Valley Water District ",0,2,0,1
"186",3310003,2,196,"Blythe, City of",12155,-146.3971,24.512,0,0,0,0,0,0,0,0,0,0,0,0,0,0,"12.75,9.25","0,0",0,0,0,0,3310003,"",187.98,92.86396297,245,128,-23.27,-27,49974,10,"South",NA,NA,NA,NA,NA
"187",3310005,6,197,"Desert Water Agnecy",70960,26.5765,52.308,0.699134641,2.218181818,2,1,1,1,0,5,0.378688525,0.096721311,0,0.073770492,0,0.450819672,"0.0,0.0,19.25,12.25,18.75,15.75","0,0,0,0,0,0",0,7,0,1,3310005,"Desert Water Agency",232.13,156.777543,231,153,0.49,2,43750,69,"South","Desert Water Agency ",0,1,0,1
"188",3310007,2,198,"Coachella, City of",42591,-13.9743,37.583,0,1,1,0,0,0,0,1,1,0,0,0,0,0,"19.25,12.25","0,0",0,0,0,0,3310007,"Coachella, City of",264.34,192.437982,160,112,65.21,72,42679,21,"South",NA,NA,NA,NA,NA
"189",3310008,4,199,"Mission Springs Water District",31365,-13.9743,40.338,0,0,0,0,0,0,0,0,0,0,0,0,0,0,"19.25,12.25,18.75,15.75","0,0,0,0",0,0,0,0,3310008,"",176.45,114.6943882,204,133,-13.5,-14,35574,23,"South",NA,NA,NA,NA,NA
"190",3310009,4,200,"Eastern Municipal Water District",475841,61.9865,67.806,0.565600414,1.688864629,1,0,1,1,1,4,0.102133161,0,0.03749192,0.268261151,0,0.592113769,"0.0,0.0,0.0,0.0","1,0,1,1",2,6,4,1,3310009,"Eastern Municipal Water District",125.92,99.47354894,163,124,-22.75,-20,55579,335,"South","Eastern Municipal Water District ",2,2,4,1
"191",3310012,3,201,"Elsinore Valley Municipal Water District",126495,95.62195,0,0.499264832,1.475227273,1,1,1,1,0,4,0.057348637,0.094361424,0,0.170428285,0,0.677861655,"0.0,0.0,0.0","1,0,1",0,6,0,1,3310012,"Elsinore Valley Municipal Water District",127.97,97.25575558,148,111,-13.54,-12,70862,73,"South","Elsinore Valley Municipal Water District ",0,2,0,1
"192",3310020,2,203,"Indio, City of",68689,-13.9743,56.121,0,1,1,0,0,0,0,1,1,0,0,0,0,0,"19.25,12.25","0,0",0,0,0,0,3310020,"",183.85,132.368826,206,148,-10.75,-11,50154,49,"South",NA,NA,NA,NA,NA
"193",3310021,2,204,"Jurupa Community Services District",101721,108.636,0,0.503108138,1.714741267,2,1,1,0,0,4,0.604606932,0,0,0,0,0.395393068,"0.0,0.0","1,1",0,6,0,2,3310021,"Jurupa Community Services District",162.09,121.5668091,201,126,-19.36,-4,71522,65,"South","Jurupa Community Services District ",0,1,0,2
"194",3310022,1,205,"Lake Hemet Municipal Water District",50001,67.1273,0,0.513615462,1.607626444,1,1,1,0,0,3,0.622035053,0.307363597,0,0,0,0.07060135,"0.0","1",0,3,0,1,3310022,"Lake Hemet Municipal Water District",131.3,102.0229744,157,91,-16.37,12,40838,40,"South","Lake Hemet Municipal Water District ",0,3,0,1
"195",3310031,4,206,"Riverside, City of",291398,108.636,0,0.299443916,1.223566062,1,0,1,1,0,3,0.817283211,0,0,0.002163314,0,0.180553475,"0.0,0.0,0.0,0.0","0,1,1,1",0,2,0,1,3310031,"Riverside, City of",175.12,150.6033594,208,125,-15.81,20,55536,201,"South","Riverside, City of ",0,4,0,1
"196",3310032,1,207,"San Jacinto, City of",14158,67.1273,0,0,1,1,0,0,0,0,1,1,0,0,0,0,0,"0.0","1",0,0,0,0,3310032,"San Jacinto, City of",131.11,104.8844647,149,119,-12.01,-12,37756,25,"South",NA,NA,NA,NA,NA
"197",3310038,1,209,"Rancho California Water District",116188,91.28393333,120.709,0.583583776,1.783735595,1,1,2,1,0,5,0.299339298,0.033205744,0,0.106833752,0,0.560621206,"0.0","1",0,3,0,2,3310038,"Rancho California Water District",331.04,198.621957,222,193,49.12,3,81243,78,"South","Rancho California Water District ",0,4,0,2
"198",3310044,1,210,"Rubidoux Community Services District",26177,108.636,0,0,1,1,0,0,0,0,1,1,0,0,0,0,0,"0.0","1",1,0,1,0,3310044,"Rubidoux Community Services District",136.04,103.3940632,172,131,-20.9,-21,51640.5,22,"South","Rubidoux Community Services District ",1,0,1,0
"199",3310049,7,211,"Western Municipal Water District of Riverside",47500,95.62195,89.75,0.176729658,1.104418314,2,0,3,1,0,6,0.048755419,0,0,0.006259142,0.039531421,0.905454018,"0.0,0.0,0.0,0.0,0.0,0.0,0.0","1,0,0,0,1,1,1",1,6,3,2,3310049,"Western Municipal Water District of Riverside",188.42,116.821219,244,141,-22.78,-17,62649,485,"South","Western Municipal Water District of Riverside ",1,3,3,2
"200",3410001,1,212,"Sacramento Suburban Water District",171200,187.8804,70.078,0.49347397,1.794936387,1,0,3,0,0,4,0.442877192,0,0,0,0,0.557122808,"22.5","0",1,3,2,3,3410001,"Sacramento Suburban Water District",145.21,109.141012,181,136,-19.77,-20,46985,167,"North","Sacramento Suburban Water District ",1,2,2,3
"201",3410002,1,213,"Sacramento County Water Agency",9841,179.84045,35.849,0.378518396,1.324878049,1,0,1,1,0,3,0.754786451,0,0,0.018409426,0,0.226804124,"22.5","0",1,3,2,1,3410002,"Sacramento County Water Agency",158.06,91.6760762,173,122,-8.63,-25,69597,30,"North","Sacramento County Water Agency ",1,1,2,1
"202",3410004,2,214,"Carmichael Water District",40000,187.8804,83.875,0.319982345,1.249977013,1,1,0,0,0,2,0.199985288,0.800014712,0,0,0,0,"22.25,22.5","0,0",0,0,0,0,3410004,"Carmichael Water District",166.23,144.8393932,222,137,-25.12,6,58895.5,44,"North",NA,NA,NA,NA,NA
"203",3410006,1,215,"Citrus Heights Water District",66500,187.8804,53.586,0.201599909,1.128331688,1,0,1,0,0,2,0.113735783,0,0,0,0,0.886264217,"22.5","0",0,2,0,1,3410006,"Citrus Heights Water District",131.54,124.9618033,172,163,-23.52,-23,60156,69,"North","Citrus Heights Water District ",0,3,0,1
"204",3410008,1,216,"Elk Grove Water District",39745,181.67015,64.487,0.492000381,1.775429326,1,0,1,0,0,2,0.563244048,0,0,0,0,0.436755952,"22.25","0",0,2,0,1,3410008,"Elk Grove Water District",107.25,91.16616244,133,105,-19.36,-13,89465.5,30,"North","Elk Grove Water District ",0,2,0,1
"205",3410009,1,217,"Fair Oaks Water District",40000,187.8804,54.792,0.18189549,1.112577786,1,0,1,0,0,2,0.101186441,0,0,0,0,0.898813559,"22.5","0",0,2,0,1,3410009,"Fair Oaks Water District",200.35,150.2601198,268,201,-25.24,-25,73194,41,"North","Fair Oaks Water District ",0,3,0,1
"206",3410011,1,218,"Galt, City of",22982,191.5398,45.656,0,1,1,0,0,0,0,1,1,0,0,0,0,0,"15.0","0",0,0,0,0,3410011,"Galt, City of",152.96,122.3711957,211,168,-27.51,-27,61800,15,"North",NA,NA,NA,NA,NA
"207",3410014,2,220,"Folsom, City of",54871,177.44974,104.75,0.154317197,1.092010645,1,0,4,0,0,5,0.084258011,0,0,0,0,0.915741989,"22.25,22.5","0,0",0,3,0,4,3410014,"Folsom, City of",237.24,142.3431972,294,176,-19.31,-19,100380.5,42,"North","Folsom, City of ",0,3,0,4
"208",3410015,2,221,"Golden State Water Company - Cordova",47810,179.84045,70.139,0.481425292,1.676808792,1,1,0,0,0,2,0.403604588,0.596334729,0,0,0,0,"22.25,22.5","0,0",0,0,0,0,3410015,"Golden State Water Company - Cordova",236.49,144.4928739,283,166,-16.44,-13,56136,39,"North",NA,NA,NA,NA,NA
"209",3410016,1,222,"Orange Vale Water Company",15200,187.8804,0,0,1,0,0,1,0,0,1,0,0,0,0,0,1,"22.5","0",0,2,0,1,3410016,"Orange Vale Water Company",160.45,98.51345745,284,238,-43.51,-59,61875,21,"North","Orange Vale Water Company ",0,3,0,1
"210",3410018,1,223,"Rio Linda - Elverta Community Water District",13386,179.84045,51.763,0.001468428,1.000735294,1,0,1,0,0,2,1,0,0,0,0,0.000735294,"22.5","0",0,2,0,1,3410018,"Rio Linda - Elverta Community Water District",171.15,147.6982985,244,216,-29.86,-32,51545.5,20,"North","Rio Linda - Elverta Community Water District ",0,3,0,1
"211",3410020,4,224,"Sacramento, City of",486189,179.84045,44.5,0.271249773,1.193041373,1,1,0,0,0,2,0.16174901,0.837898154,0,0,0,0,"15.5,22.25,22.25,22.5","0,0,0,0",2,0,3,0,3410020,"Sacramento, City of",140.32,98.22723627,197,118,-28.77,-17,46547,374,"North","Sacramento, City of ",2,0,3,0
"212",3410021,1,225,"San Juan Water District",33792,178.42135,80.139,0.453741988,1.533548909,0,1,3,0,0,4,0,0.347917765,0,0,0,0.652082235,"22.5","0",1,3,5,2,3410021,"San Juan Water District",258.09,227.1201929,352,334,-26.68,-32,66829,131,"North","San Juan Water District ",1,2,5,2
"213",3410023,1,226,"Fruitridge Vista Water Co",15000,171.8005,29.167,0.4448935,1.501520177,1,0,1,0,0,2,0.665930425,0,0,0,0,0.333977545,"22.25","0",0,3,0,1,3410023,"Fruitridge Vista Water Co",118.76,117.5750901,131,129,-9.34,-9,31921,24,"North","Fruitridge Vista Water Co ",0,1,0,1
"214",3510001,3,227,"Hollister Urban Area",21600,191.5605,62.534,0.693435485,2.826361868,3,0,1,1,0,5,0.705214249,0,0,0.034933746,0,0.259852005,"0.0,0.0,0.0","0,0,0",0,3,0,1,3510001,"Hollister Urban Area",114.97,86.11509894,134,94,-14.2,-8,62566,23,"North","Hollister Urban Area ",0,1,0,1
"215",3510003,2,228,"Sunny Slope County Water District",16713,191.5605,0,0,0,0,0,0,0,0,0,0,0,0,0,0,0,"0.0,0.0","0,0",0,0,0,0,NA,"",0,0,0,0,0,0,83307,17,"North",NA,NA,NA,NA,NA
"216",3610001,1,229,"Adelanto, City of",31765,38.0817,0,0,1,1,0,0,0,0,1,1,0,0,0,0,0,"21.75","1",0,0,0,0,3610001,"Adelanto, City of",114.21,83.94141336,159,115,-28.17,-27,21250,7,"South",NA,NA,NA,NA,NA
"217",3610003,1,230,"Apple Valley Ranchos Water Company",60137,-1.2029,68.674,0,1,1,0,0,0,0,1,1,0,0,0,0,0,"21.75","1",0,0,0,0,3610003,"Apple Valley Ranchos Water Company",136.64,90.7265052,174,109,-21.47,-17,47083,39,"South",NA,NA,NA,NA,NA
"218",3610004,4,231,"West Valley Water District",65283,108.636,58.281,0.737285315,2.678877464,4,0,1,0,0,5,0.720111955,0,0,0,0,0.279888045,"0.0,0.0,0.0,0.0","1,1,1,1",0,2,0,1,3610004,"West Valley Water District",207.19,145.0364875,253,170,-18.1,-15,53854,64,"South","West Valley Water District ",0,2,0,1
"219",3610008,1,232,"Big Bear Community Services District",6003,34.07425,31.389,0,1,1,0,0,0,0,1,1,0,0,0,0,0,"0.0","1",0,0,0,0,3610008,"Big Bear Community Services District",67.61,64.22655589,83,75,-18.55,-14,48125,15,"South",NA,NA,NA,NA,NA
"220",3610012,1,233,"Chino, City of",71349,108.636,0,0.665745393,2.795901346,1,0,2,1,0,4,0.317097077,0,0,0.357666411,0,0.325236512,"0.0","1",0,6,0,2,3610012,"Chino, City of",141.97,112.1536922,174,99,-18.41,13,70000,45,"South","Chino, City of ",0,3,0,2
"221",3610013,4,234,"Loma Linda, City of",22451,108.636,0,0.014898372,1.007562278,1,1,0,0,0,2,0.992494481,0.007505519,0,0,0,0,"0.0,0.0,0.0,0.0","1,1,1,1",0,0,0,0,3610013,"Loma Linda, City of",176.76,128.5066024,213,152,-17.01,-15,57280,20,"South",NA,NA,NA,NA,NA
"222",3610014,4,235,"Colton, City of",51086,108.636,67.799,0,1,0,0,1,0,0,1,0,0,0,0,0,1,"0.0,0.0,0.0,0.0","1,1,1,1",0,2,0,1,3610014,"Colton, City of",169.16,89.99351019,200,112,-15.42,-20,42344,50,"South","Colton, City of ",0,2,0,1
"223",3610015,0,236,"Crestline Village Water District",7542,38.0817,0,0.425448485,1.442857143,1,0,1,0,0,2,0.693069307,0,0,0,0,0.306930693,"","",0,2,0,1,3610015,"Crestline Village Water District",72.62,50.70409794,78,52,-6.9,-2,45138.5,14,"South","Crestline Village Water District ",0,2,0,1
"224",3610018,2,237,"Cucamonga Valley Water District",182586,108.636,0,0.594155994,2.060841059,1,1,1,1,0,4,0.405018473,0.067631363,0,0.042111385,0,0.485238779,"0.0,0.0","1,1",0,5,0,1,3610018,"Cucamonga Valley Water District",182.96,138.137691,214,135,-14.5,2,77969,91,"South","Cucamonga Valley Water District ",0,3,0,1
"225",3610019,8,238,"San Bernardino Valley Regional Urban Water Management Alliance",0,73.35885,63.875,0.621999238,1.739847591,4,3,1,0,0,8,0.684332481,0.141712703,0,0,0,0.173954816,"0.0,0.0,0.0,0.0,0.0,0.0,0.0,0.0","1,1,1,1,1,1,1,1",1,7,6,1,NA,"",0,0,0,0,0,0,49187.5,434,"South","San Bernardino Valley Regional Urban Water Management Alliance ",1,1,6,1
"226",3610024,1,239,"Hesperia, City of Water District",91627,38.0817,0,0,1,1,0,0,0,0,1,1,0,0,0,0,0,"21.75","1",0,0,0,0,3610024,"Hesperia, City of Water District",121.68,99.7801711,165,94,-26.25,6,47874,54,"South",NA,NA,NA,NA,NA
"227",3610025,6,240,"Joshua Basin Water District",8137,-40.4875,40.268,0.465798817,1.585365854,1,1,0,0,0,2,0.630769231,0.369230769,0,0,0,0,"15.25,0.0,0.0,8.75,0.0,0.0","1,0,0,0,0,0",0,0,0,0,3610025,"Joshua Basin Water District",128.43,82.98901032,157,141,-18.19,-41,44375,11,"South",NA,NA,NA,NA,NA
"228",3610029,2,241,"Monte Vista Water District",52488,108.636,0,0.397032371,1.351908203,1,0,3,1,0,5,0.739695193,0,0,0.025416178,0,0.234888628,"21.25,0.0","1,1",1,5,1,3,3610029,"Monte Vista Water District",132.96,89.08443901,149,96,-10.76,-7,52522,59,"South","Monte Vista Water District ",1,5,1,3
"229",3610034,1,242,"Ontario, City of",174536,108.636,0,0.531101156,1.758721069,1,0,2,1,0,4,0.568594996,0,0,0.053616975,0,0.377788028,"0.0","1",0,6,0,2,3610034,"Ontario, City of",158.07,86.93675896,181,98,-12.67,-11,54583,115,"South","Ontario, City of ",0,4,0,2
"230",3610036,3,243,"Chino Hills, City of",78971,151.22935,0,0.29608241,1.204276678,1,0,3,1,0,5,0.082562521,0,0,0.087073199,0,0.830421377,"0.0,21.25,0.0","0,1,1",0,6,0,3,3610036,"Chino Hills, City of",153.06,110.6628324,169,127,-9.43,-13,106581,55,"South","Chino Hills, City of ",0,6,0,3
"231",3610037,3,244,"Redlands, City of",80000,108.636,0,0.568655174,2.061898212,1,1,1,1,0,4,0.484989993,0.437180342,0,0.070332603,0,0.007497062,"0.0,0.0,0.0","1,1,1",0,2,0,1,3610037,"Redlands, City of",263.01,181.4792507,305,211,-13.77,-14,63594,64,"South","Redlands, City of ",0,2,0,1
"232",3610038,4,245,"Rialto, City of",48623,108.636,0,0.550125938,1.800896209,1,1,1,0,0,3,0.555279085,0.076328178,0,0,0,0.368392737,"0.0,0.0,0.0,0.0","1,1,1,1",0,2,0,1,3610038,"Rialto, City of",144.91,102.8872012,173,121,-16.24,-15,48765,54,"South","Rialto, City of ",0,2,0,1
"233",3610043,2,247,"Golden State Water Company - Barstow",29485,38.0817,49.375,0,1,1,0,0,0,0,1,1,0,0,0,0,0,"11.25,15.25","1,1",0,0,0,0,3610043,"Golden State Water Company - Barstow",150.3,97.39119186,194,112,-22.53,-13,45817,23,"South",NA,NA,NA,NA,NA
"234",3610045,0,248,"Big Bear Lake, City of",110,38.0817,0,0.046917077,1.024628253,1,0,1,0,0,2,0.975963719,0,0,0,0,0.024036281,"","",0,2,0,1,3610045,"Big Bear Lake, City of",72.7,57.85788945,84,60,-13.45,-4,56345,2,"South","Big Bear Lake, City of ",0,2,0,1
"235",3610049,3,249,"Twentynine Palms Water District",17500,-40.4875,33.015,0,1,1,0,0,0,0,1,1,0,0,0,0,0,"0.0,8.75,0.0","0,0,0",0,0,0,0,3610049,"Twentynine Palms Water District",113.82,96.74731087,144,123,-20.96,-21,38821,13,"South",NA,NA,NA,NA,NA
"236",3610050,3,250,"Upland, City of",76106,108.636,0,0.364106544,1.314637554,1,0,3,0,0,4,0.239334068,0,0,0,0,0.760665932,"21.25,0.0,0.0","1,1,1",2,4,1,3,3610050,"Upland, City of",195.99,135.2306512,234,166,-16.25,-19,71849.5,66,"South","Upland, City of ",2,4,1,3
"237",3610052,1,251,"Victorville Water District",107451,38.0817,0,0.017517392,1.00891557,1,0,0,1,0,2,0.991163215,0,0,0.008836785,0,0,"21.75","1",0,0,0,0,3610052,"Victorville Water District",137,116.4533825,173,147,-20.81,-21,40574.5,46,"South",NA,NA,NA,NA,NA
"238",3610055,2,252,"Yucaipa Valley Water District",43818,108.636,39.583,0.574618293,1.842033155,1,1,2,1,0,5,0.542878393,0.027445147,0,0.077724061,0,0.351952399,"0.0,0.0","1,1",0,2,0,2,3610055,"Yucaipa Valley Water District",193.13,168.0194451,258,227,-25.15,-26,60226,42,"South","Yucaipa Valley Water District ",0,2,0,2
"239",3610057,3,253,"Riverside Highland Water Company",14500,108.636,0,0,1,1,0,0,0,0,1,1,0,0,0,0,0,"0.0,0.0,0.0","1,1,1",0,0,0,0,3610057,"Riverside Highland Water Company",167.66,100.5969484,225,189,-25.48,-47,71532,20,"South",NA,NA,NA,NA,NA
"240",3610064,1,254,"East Valley Water District",70000,108.636,0,0.248344186,1.16997065,1,1,0,0,0,2,0.854722296,0.145277704,0,0,0,0,"0.0","1",0,0,0,0,3610064,"East Valley Water District",150.06,117.0446187,167,129,-10.15,-9,49300,73,"South",NA,NA,NA,NA,NA
"241",3610073,3,255,"Hi-Desert WD",24051,-27.2309,45.275,0.44739138,1.374323628,3,0,1,1,0,5,0.841153035,0,0,0.038434497,0,0.120412468,"15.25,0.0,0.0","1,0,0",0,2,0,1,3610073,"Hi-Desert WD",106.16,74.54245201,129,78,-17.71,-4,44375,21,"South","Hi-Desert WD ",0,2,0,1
"242",3610120,4,256,"Phelan Pinon Hills Community Services District",24000,91.0842,0,0,1,1,0,0,0,0,1,1,0,0,0,0,0,"0.0,21.75,15.75,21.5","1,1,1,0",0,0,0,0,3610120,"Phelan Pinon Hills Community Services District",95.81,75.68833135,130,124,-26.3,-39,49651,20,"South",NA,NA,NA,NA,NA
"243",3610121,1,257,"San Bernardino County Service Area 64",12368,38.0817,0,0,1,1,0,0,0,0,1,1,0,0,0,0,0,"21.75","1",0,0,0,0,3610121,"San Bernardino County Service Area 64",160.76,109.4759059,201,143,-20.02,-23,55400,15,"South",NA,NA,NA,NA,NA
"244",3710001,2,258,"CA-American Water - San Diego",96000,94.65275,0,0,1,0,0,1,0,0,1,0,0,0,0,0,1,"0.0,0.0","0,0",0,2,0,1,3710001,"CA-American Water - San Diego",84.3,62.37982761,94,68,-10.32,-8,58660,80,"South","CA-American Water - San Diego ",0,4,0,1
"245",3710002,1,259,"Vallecitos Water District",86500,92.7825,0,0,1,0,0,1,0,0,1,0,0,0,0,0,1,"0.0","0",0,3,0,1,3710002,"Vallecitos Water District",125.37,79.61082564,129,87,-2.81,-8,61753.5,64,"South","Vallecitos Water District ",0,3,0,1
"246",3710005,1,260,"Carlsbad Municipal Water District",80800,92.7825,0,0,1,0,0,1,0,0,1,0,0,0,0,0,1,"0.0","0",0,3,0,1,3710005,"Carlsbad Municipal Water District",150.8,98.01827142,167,108,-9.7,-9,82252,64,"South","Carlsbad Municipal Water District ",0,3,0,1
"247",3710006,2,261,"Escondido, City of",140000,97.27765,0,0.337532007,1.250770617,0,1,1,1,0,3,0,0.060511848,0,0.139981043,0,0.799507109,"19.0,0.0","0,0",0,3,0,1,3710006,"Escondido, City of",126.47,73.09902881,144,80,-12.17,-9,52426,87,"South","Escondido, City of ",0,3,0,1
"248",3710008,0,262,"Fallbrook PUD",32000,99.83566667,0,0.079228947,1.043026327,0,1,1,1,0,3,0,0.00163372,0,0.03961771,0,0.95874857,"","",0,3,0,1,3710008,"Fallbrook PUD",261.24,224.6662887,166,147,57.37,53,55648.5,28,"South","Fallbrook PUD ",0,3,0,1
"249",3710010,2,263,"Helix Water District",263642,101.7728,0,0.158339396,1.094447191,1,1,1,0,0,3,0.003884255,0.082412454,0,0,0,0.913703291,"0.0,15.75","0,0",0,3,0,1,3710010,"Helix Water District",92.42,73.9380619,100,80,-7.58,-8,56349,202,"South","Helix Water District ",0,3,0,1
"250",3710013,1,264,"Lakeside Water District",42200,101.7728,0,0.280156096,1.202581032,1,0,1,0,0,2,0.168455203,0,0,0,0,0.831544797,"15.75","0",0,3,0,1,3710013,"Lakeside Water District",82.7,74.42876924,94,84,-12.02,-11,68939,18,"South","Lakeside Water District ",0,3,0,1
"251",3710014,2,265,"Oceanside, City of",183095,92.7825,0,0.289121194,1.210659315,1,0,1,1,0,3,0.169070209,0,0,0.004933586,0,0.825996205,"0.0,0.0","1,0",0,3,0,1,3710014,"Oceanside, City of",122.72,79.76977676,129,84,-4.87,-5,59135,117,"South","Oceanside, City of ",0,3,0,1
"252",3710015,1,266,"Poway, City of",50542,101.7728,0,0,1,0,0,2,0,0,2,0,0,0,0,0,1,"0.0","0",0,3,0,2,3710015,"Poway, City of",163.02,119.0061312,196,143,-16.83,-17,102031,43,"South","Poway, City of ",0,4,0,2
"253",3710016,2,267,"Rainbow Municipal Water District",18750,89.46975,69.879,0,1,0,0,1,0,0,1,0,0,0,0,0,1,"0.0,0.0","0,1",0,3,0,1,3710016,"Rainbow Municipal Water District",812.14,140.4997408,259,186,213.57,-24,69935,29,"South","Rainbow Municipal Water District ",0,3,0,1
"254",3710019,1,268,"Ramona Municipal Water District",40000,101.7728,0,0.196900597,1.124487705,0,0,1,1,0,2,0,0,0,0.11070615,0,0.88929385,"0.0","0",0,3,0,1,3710019,"Ramona Municipal Water District",101.91,101.9054487,126,126,-19.12,-19,92672,22,"South","Ramona Municipal Water District ",0,3,0,1
"255",3710020,8,269,"San Diego, City of",1266731,94.65275,59.327,0.313646594,1.224645139,1,1,1,1,0,4,0.00224712,0.130332978,0,0.050856827,0,0.816563074,"0.0,0.0,0.0,0.0,15.75,0.0,0.0,19.0","0,0,0,0,0,0,0,0",1,3,2,1,3710020,"San Diego, City of",111.71,60.21079607,116,63,-3.7,-4,65147.5,916,"South","San Diego, City of ",1,3,2,1
"256",3710021,1,270,"San Dieguito Water District",38500,92.7825,0,0.468815637,1.467079605,0,1,1,1,0,3,0,0.681626271,0,0.07005473,0,0.248318999,"0.0","0",0,3,0,1,3710021,"San Dieguito Water District",134.94,102.8219964,145,116,-6.94,-11,84286,35,"South","San Dieguito Water District ",0,3,0,1
"257",3710023,2,271,"Santa Fe Irrigation District",21081,97.27765,0,0.53911118,2.085434174,0,1,1,1,0,3,0,0.479516454,0,0.041722633,0,0.478760913,"0.0,0.0","0,0",0,3,0,1,3710023,"Santa Fe Irrigation District",386.35,324.5316599,442,372,-12.59,-13,110216,22,"South","Santa Fe Irrigation District ",0,3,0,1
"258",3710025,2,272,"Sweetwater Authority",177630,101.7728,127.375,0.44281682,1.429897545,1,1,1,0,0,3,0.257321472,0.043327723,0,0,0,0.699350805,"0.0,0.0","0,0",0,3,0,1,3710025,"Sweetwater Authority",82.2,59.54591515,87,62,-5.52,-4,48009.5,144,"South","Sweetwater Authority ",0,3,0,1
"259",3710026,1,273,"Valley Center Municipal Water District",25572,97.27765,0,0.002976385,1.001492639,0,0,1,1,0,2,0,0,0,0.001490414,0,0.998509586,"0.0","0",0,3,0,1,3710026,"Valley Center Municipal Water District",740.9,159.293893,254,191,191.69,-17,73482,21,"South","Valley Center Municipal Water District ",0,3,0,1
"260",3710027,1,274,"Vista Irrigation District",125962,92.7825,0,0.32322947,1.254238393,0,1,1,0,0,2,0,0.202703405,0,0,0,0.797296595,"0.0","0",0,3,0,1,3710027,"Vista Irrigation District",113.67,77.29315118,126,84,-9.79,-8,51625,99,"South","Vista Irrigation District ",0,3,0,1
"261",3710029,3,275,"Olivenhain, City of",63000,97.27765,0,0.20824992,1.133869239,0,0,1,1,0,2,0,0,0,0.118064089,0,0.881935911,"0.0,0.0,0.0","0,0,0",0,3,0,1,3710029,"Olivenhain, City of",178.64,139.3415106,191,129,-6.47,8,107961,55,"South","Olivenhain, City of ",0,3,0,1
"262",3710034,1,276,"Otay Water District",191500,94.65275,0,0.214505459,1.139186881,0,0,1,1,0,2,0,0,0,0.122180902,0,0.877819098,"0.0","0",0,3,0,1,3710034,"Otay Water District",108.58,72.74677332,119,70,-8.76,4,83211.5,112,"South","Otay Water District ",0,3,0,1
"263",3710042,3,278,"San Diego County Water Authority",3140000,94.02933333,0,0.240917751,1.152847801,1,1,1,1,0,4,0.026942406,0.066307653,0,0.039332555,0,0.867415901,"0.0,0.0,0.0","0,1,0",2,6,20,1,NA,"",0,0,0,0,0,0,70658,225,"South","San Diego County Water Authority ",2,2,20,1
"264",3710044,1,279,"Rincon del Diablo Municipal Water District",3426,101.7728,0,0.455636034,1.540983607,0,0,1,1,0,2,0,0,0,0.35106383,0,0.64893617,"19.0","0",0,3,0,1,3710044,"Rincon del Diablo Municipal Water District",150.3,103.7038617,180,126,-16.5,-18,108843,4,"South","Rincon del Diablo Municipal Water District ",0,3,0,1
"265",3810011,7,280,"San Francisco Public Utilities Commission",802650,133.3376333,88.051,0.016329482,1.008300852,1,1,0,0,0,2,0.008232515,0.991767485,0,0,0,0,"0.0,0.0,0.0,0.0,0.0,0.0,0.0","0,0,0,0,0,0,0",2,0,25,0,3810011,"San Francisco Public Utilities Commission",77.14,45.04992553,77,42,0.18,7,83466.5,590,"North","San Francisco Public Utilities Commission ",2,0,25,0
"266",3910001,2,281,"CA Water Sercice Co - Stockton",185346,192.3117,36.25,0.298793939,1.223720888,1,0,1,0,0,2,0.182820193,0,0,0,0,0.817179807,"19.0,25.5","0,0",0,2,0,1,3910001,"CA Water Sercice Co - Stockton",115.46,60.61611929,139,79,-16.94,-23,36863.5,144,"North","CA Water Sercice Co - Stockton ",0,2,0,1
"267",3910004,2,282,"Lodi, City of",63395,191.5398,23.4,0.435947155,1.472842386,1,0,0,1,0,2,0.678959276,0,0,0.321040724,0,0,"25.5,15.0","0,0",0,0,0,0,3910004,"Lodi, City of",167.45,108.3410631,216,140,-22.48,-23,53319,45,"North",NA,NA,NA,NA,NA
"268",3910006,2,283,"Stockton East Water District",50,192.3117,54.82,0.083093695,1.045405405,1,2,1,0,0,4,0.043433299,0,0,0,0,0.956566701,"19.0,25.5","0,0",1,3,2,3,NA,"",0,0,0,0,0,0,41387,232,"North","Stockton East Water District ",1,1,2,3
"269",3910011,1,284,"Tracy, City of",82000,185.8023,78.694,0.058027237,1.030830186,1,0,2,0,0,3,0.029908114,0,0,0,0,0.970091886,"19.0","0",0,3,0,2,3910011,"Tracy, City of",142.56,112.6205287,177,127,-19.46,-11,67865,45,"North","Tracy, City of ",0,1,0,2
"270",3910012,2,285,"Stockton, City of",169963,192.3117,49.934,0.26235985,1.18384822,1,0,1,0,0,2,0.155297121,0,0,0,0,0.844702879,"19.0,25.5","0,0",0,2,0,1,3910012,"Stockton, City of",124.88,88.66182424,155,110,-19.43,-19,52069,122,"North","Stockton, City of ",0,2,0,1
"271",4010001,1,286,"Arroyo Grande, City of",16901,185.2398,0,0.512691834,1.656331878,2,2,0,0,0,4,0.369891906,0.630108094,0,0,0,0,"24.0","1",0,0,0,0,4010001,"Arroyo Grande, City of",117.03,93.62214346,130,104,-9.98,-10,61677,19,"North",NA,NA,NA,NA,NA
"272",4010004,1,287,"Grover Beach, City of",13156,185.2398,0,0.564986515,1.842237062,2,1,0,0,0,3,0.637516991,0.362483009,0,0,0,0,"24.0","1",0,0,0,0,4010004,"Grover Beach, City of",84.96,69.66928002,89,73,-4.54,-5,49474.5,18,"North",NA,NA,NA,NA,NA
"273",4010007,1,288,"Paso Robles, City of",30072,210.7427,54.968,0.465984292,1.586258776,1,0,0,0,0,1,1,0,0,0,0,0,"0.0","0",0,0,0,0,4010007,"Paso Robles, City of",151.09,102.5882752,189,119,-20.06,-14,60221,19,"North",NA,NA,NA,NA,NA
"274",4010008,1,289,"Pismo Beach, City of",8640,185.2398,76.333,0.371806374,1.327715356,1,0,2,0,0,3,0.246826516,0,0,0,0,0.753173484,"24.0","1",0,7,0,2,4010008,"Pismo Beach, City of",198.07,91.11012607,216,100,-8.3,-9,78274,13,"North","Pismo Beach, City of ",0,1,0,2
"275",4010009,3,290,"San Luis Obispo, City of",45119,202.2417333,100.854,0.456313389,1.508789625,0,1,1,1,0,3,0,0.662782924,0,0.014420781,0,0.322796295,"24.0,0.0,0.0","1,0,0",0,2,0,1,4010009,"San Luis Obispo, City of",92.28,55.36613939,101,61,-8.64,-9,65491,25,"North","San Luis Obispo, City of ",0,1,0,1
"276",4010011,3,291,"Morro Bay, City of",10234,185.2398,0,0.466855637,1.442153494,1,0,1,0,1,3,0.10166799,0,0.204924543,0,0,0.693407466,"0.0,0.0,0.0","0,0,0",0,2,0,1,4010011,"Morro Bay, City of",94.86,63.55933841,105,66,-9.65,-4,61868.5,12,"North","Morro Bay, City of ",0,1,0,1
"277",4010014,1,292,"Cambria Community Services District",6200,185.2398,0,0,1,1,0,0,0,0,1,1,0,0,0,0,0,"0.0","0",0,0,0,0,4010014,"Cambria Community Services District",69,40.70713242,73,37,-5.49,10,61302,6,"North",NA,NA,NA,NA,NA
"278",4010026,1,293,"Nipomo Community Services District",10871,199.99795,0,0,1,1,0,0,0,0,1,1,0,0,0,0,0,"24.0","1",0,0,0,0,4010026,"Nipomo Community Services District",139.09,115.4479048,159,134,-12.52,-14,59242,9,"North",NA,NA,NA,NA,NA
"279",4110001,1,294,"Mid-Peninsula Water District",26050,159.4417,0,0,1,0,0,1,0,0,1,0,0,0,0,0,1,"0.0","0",0,3,0,1,4110001,"Mid-Peninsula Water District",86.78,73.76357617,97,82,-10.54,-10,109196,31,"North","Mid-Peninsula Water District ",0,1,0,1
"280",4110003,2,295,"Burlingame, City of",29867,159.4417,0,0,0,0,0,0,0,0,0,0,0,0,0,0,0,"0.0,0.0","0,0",0,0,0,0,4110003,"",105.79,65.27502062,114,62,-7.2,5,117982,30,"North",NA,NA,NA,NA,NA
"281",4110006,2,296,"CA Water Service Co - Bear Gulch",66470,153.26285,95.337,0.153852935,1.091677943,0,1,1,0,0,2,0,0.083985434,0,0,0,0.916092043,"20.25,0.0","0,0",0,3,0,1,4110006,"CA Water Service Co - Bear Gulch",147.2,123.2057895,189,165,-22.12,-25,148214,65,"North","CA Water Service Co - Bear Gulch ",0,1,0,1
"282",4110008,1,297,"CA Water Service Co - Mid Peninsula District",93373,159.4417,170.889,0,1,0,0,1,0,0,1,0,0,0,0,0,1,"0.0","0",0,3,0,1,4110008,"CA Water Service Co - Mid Peninsula District",84.58,60.30687348,93,67,-9.05,-10,98700,81,"North","CA Water Service Co - Mid Peninsula District ",0,1,0,1
"283",4110009,2,298,"CA Water Service Co - South San Francisco",56110,148.61835,80.06,0.101090338,1.056408336,1,0,1,0,0,2,0.053396338,0,0,0,0,0.946603662,"0.0,0.0","0,0",0,3,0,1,4110009,"CA Water Service Co - South San Francisco",103.02,43.47336458,106,43,-2.81,1,72668.5,50,"North","CA Water Service Co - South San Francisco ",0,1,0,1
"284",4110011,1,299,"Coastside Co Water District",16900,137.795,0,0.185711153,1.11138371,1,2,1,0,0,4,0.008388521,0.09183223,0,0,0,0.899779249,"0.0","0",0,3,0,1,4110011,"Coastside Co Water District",101.48,76.10678817,114,69,-10.99,10,110607,13,"North","Coastside Co Water District ",0,1,0,1
"285",4110013,3,300,"Daly City, City of",107099,148.61835,85.521,0.444182596,1.411870504,1,0,1,1,0,3,0.222038217,0,0,0.069681529,0,0.708280255,"0.0,0.0,0.0","0,0,0",0,3,0,1,4110013,"Daly City, City of",56.14,52.77061642,53,50,5.92,6,81032.5,52,"North","Daly City, City of ",0,1,0,1
"286",4110016,2,301,"Hillsborough, Town of",11328,159.4417,206.319,0,1,0,0,1,0,0,1,0,0,0,0,0,1,"0.0,0.0","0,0",0,3,0,1,4110016,"Hillsborough, Town of",205.3,180.6603485,290,255,-29.21,-29,169479.5,26,"North","Hillsborough, Town of ",0,1,0,1
"287",4110017,2,302,"Menlo Park, City of",10200,153.26285,0,0,1,0,0,1,0,0,1,0,0,0,0,0,1,"20.25,0.0","0,0",0,3,0,1,4110017,"Menlo Park, City of",150.57,70.01335946,162,70,-7.06,0,159792,29,"North","Menlo Park, City of ",0,1,0,1
"288",4110018,1,303,"Millbrae, City of",21500,159.4417,74.639,0.011796675,1.005968961,0,0,1,1,0,2,0,0,0,0.005933544,0,0.994066456,"0.0","0",0,3,0,1,4110018,"Millbrae, City of",86.72,62.44082942,89,64,-2.56,-2,96895,27,"North","Millbrae, City of ",0,1,0,1
"289",4110021,1,304,"Estero Municipal-Foster City",35000,159.4417,130.909,0,1,0,0,1,0,0,1,0,0,0,0,0,1,"0.0","0",0,3,0,1,4110021,"Estero Municipal-Foster City",100.93,67.62224937,132,75,-23.54,-10,115341,27,"North","Estero Municipal-Foster City ",0,1,0,1
"290",4110022,1,305,"Redwood City, City of",75402,153.26285,73.229,0,1,1,0,0,0,0,1,1,0,0,0,0,0,"0.0","0",0,3,0,1,4110022,"Redwood City, City of",83.31,63.5675088,89,62,-6.39,3,97321,69,"North","Redwood City, City of ",0,1,0,1
"291",4110023,1,306,"San Bruno, City of",40165,148.61835,0,0.484143366,1.697674419,1,0,2,0,0,3,0.588897041,0,0,0,0,0.410858401,"0.0","0",0,3,0,2,4110023,"San Bruno, City of",60.54,47.22268651,57,41,6.21,15,90503.5,38,"North","San Bruno, City of ",0,2,0,2
"292",4110024,2,307,"East Palo Alto, City of",28000,153.26285,147.308,0.016447829,1.008362027,1,0,1,0,0,2,0.008292683,0,0,0,0,0.991707317,"20.25,0.0","0,0",0,3,0,1,4110024,"East Palo Alto, City of",47.68,42.91269129,50,45,-4.64,-5,60574,22,"North","East Palo Alto, City of ",0,1,0,1
"293",4110025,1,308,"North Coast County Water District",38390,137.795,103.52,0,1,0,0,1,0,0,1,0,0,0,0,0,1,"0.0","0",1,3,1,1,4110025,"North Coast County Water District",56.09,46.55432089,67,48,-16.28,-3,103095.5,38,"North","North Coast County Water District ",1,1,1,1
"294",4110027,1,309,"Westborough Water District",12000,148.61835,0,0,1,0,0,1,0,0,1,0,0,0,0,0,1,"0.0","0",0,3,0,1,4110027,"Westborough Water District",52.01,48.97892713,61,52,-14.74,-6,91652,17,"North","Westborough Water District ",0,1,0,1
"295",4210001,2,310,"Carpenteria Valley Water District",15694,212.0535,98.75,0.396108744,1.373785198,1,0,2,0,0,3,0.272084165,0,0,0,0,0.727915835,"0.0,0.0","0,0",0,7,0,2,4210001,"Carpenteria Valley Water District",253.29,80.54661519,109,78,132.38,3,68194,15,"South","Carpenteria Valley Water District ",0,1,0,2
"296",4210004,3,311,"Goleta Water District",85000,212.0535,63.75,0.352016681,1.266727633,1,0,2,1,0,4,0.141378895,0,0,0.069185417,0,0.789435688,"0.0,0.0,18.75","0,0,1",0,7,0,2,4210004,"Goleta Water District",118.17,48.45047438,116,51,1.87,-5,87266,75,"South","Goleta Water District ",0,1,0,2
"297",4210006,1,312,"Lompoc, City of",39661,212.8082,51.5,0.006649778,1.003344482,1,1,0,1,0,3,0.996666667,0.002,0,0.001333333,0,0,"17.25","0",0,0,0,0,4210006,"Lompoc, City of",89.2,71.36102805,87,59,2.53,21,53552.5,34,"North",NA,NA,NA,NA,NA
"298",4210010,3,313,"Santa Barbara, City of",95129,212.0535,74.519,0.570089769,1.618557762,1,2,2,1,0,6,0.073979916,0.26395068,0,0.044235414,0,0.61783399,"0.0,0.0,0.0","0,0,0",0,3,0,2,4210010,"Santa Barbara, City of",96.46,78.13650968,94,66,2.62,18,75171.5,90,"South","Santa Barbara, City of ",0,2,0,2
"299",4210011,1,314,"Santa Maria, City of",99553,214.7561,54.286,0.590884077,1.813950913,2,0,1,0,0,3,0.728051435,0,0,0,0,0.271948565,"24.0","1",0,2,0,1,4210011,"Santa Maria, City of",105.11,70.42508841,120,83,-12.41,-15,55724.5,66,"North","Santa Maria, City of ",0,2,0,1
"300",4210016,1,315,"Golden State Water Company - Orcutt",36828,214.7561,65.729,0.024891188,1.012765367,1,0,1,0,0,2,0.987395534,0,0,0,0,0.012604466,"24.0","1",0,2,0,1,4210016,"Golden State Water Company - Orcutt",156.55,133.0644802,175,145,-10.54,-8,75909,31,"North","Golden State Water Company - Orcutt ",0,2,0,1
"301",4310001,1,316,"Ca Water Service Co - Los Altos Suburban District",57950,147.084,134.167,0.413099028,1.411536597,1,0,1,0,0,2,0.291552198,0,0,0,0,0.708447802,"20.25","0",0,2,0,1,4310001,"Ca Water Service Co - Los Altos Suburban District",132.78,98.12559337,156,119,-14.88,-18,140089,103,"North","Ca Water Service Co - Los Altos Suburban District ",0,2,0,1
"302",4310004,1,317,"Gilroy, City of",39050,191.5605,123.804,0.499765795,1.957631445,1,0,0,1,0,2,0.510821382,0,0,0.489178618,0,0,"0.0","0",0,0,0,0,4310004,"Gilroy, City of",115.5,75.0762486,137,89,-15.69,-16,74609.5,26,"North",NA,NA,NA,NA,NA
"303",4310005,1,318,"Milpitas, City of",66200,147.084,114.6,0.104201428,1.058359279,0,0,2,1,0,3,0,0,0,0.055141274,0,0.944858726,"20.25","0",0,3,0,2,4310005,"Milpitas, City of",109.22,51.33456142,119,53,-8.22,-3,97360.5,54,"North","Milpitas, City of ",0,2,0,2
"304",4310006,2,319,"Morgan Hill, City of",34600,169.32225,130.583,0.236671225,1.158942098,2,0,0,0,0,2,1,0,0,0,0,0,"0.0,20.25","0,0",0,0,0,0,4310006,"Morgan Hill, City of",117.93,63.6816487,154,90,-23.42,-29,97124,24,"North",NA,NA,NA,NA,NA
"305",4310007,1,320,"Mountain View, City of",76000,147.084,121.25,0.143705033,1.082514547,1,0,2,1,0,4,0.041945717,0,0,0.034279168,0,0.923775115,"20.25","0",0,3,0,2,4310007,"Mountain View, City of",99.36,81.71563945,194,140,-48.78,-42,108750,73,"North","Mountain View, City of ",0,2,0,2
"306",4310009,2,321,"Palo Alto, City of",62000,142.4395,134.167,0.115234432,1.065399984,0,0,1,1,0,2,0,0,0,0.061385381,0,0.938614619,"20.25,0.0","0,0",0,3,0,1,4310009,"Palo Alto, City of",132.22,75.36801663,172,81,-23.13,-7,143493,76,"North","Palo Alto, City of ",0,1,0,1
"307",4310011,1,322,"San Jose Water Company",998000,138.58065,125.375,0.600984116,2.054026519,1,1,1,1,0,4,0.384072565,0.120000601,0,0.009078202,0,0.486848632,"20.25","0",0,2,0,1,4310011,"San Jose Water Company",122.1,75.70039469,108,75,13.05,1,88157,584,"North","San Jose Water Company ",0,2,0,1
"308",4310012,1,323,"Santa Clara, City of",105831,147.084,65.893,0.540134907,1.660586552,1,0,2,1,0,4,0.602222797,0,0,0.103773585,0,0.294046696,"20.25","0",0,3,0,2,4310012,"Santa Clara, City of",130.91,64.93182365,137,68,-4.44,-5,93750,89,"North","Santa Clara, City of ",0,2,0,2
"309",4310014,1,324,"Sunnyvale, City of",133751,147.084,83.203,0.261330597,1.172118167,1,0,2,1,0,4,0.075890985,0,0,0.070952714,0,0.853156301,"20.25","0",0,3,0,2,4310014,"Sunnyvale, City of",93.04,63.8890033,102,65,-8.79,-2,105218.5,108,"North","Sunnyvale, City of ",0,2,0,2
"310",4310020,1,325,"San Jose, City of",93300,147.084,211.953,0.303868624,1.219153358,1,0,2,1,0,4,0.029967251,0,0,0.149791396,0,0.820241353,"20.25","0",0,3,0,2,4310020,"San Jose, City of",95.33,66.72945897,140,80,-31.91,-17,99583,47,"North","San Jose, City of ",0,2,0,2
"311",4310022,1,326,"Great Oaks Water Company",79934,147.084,58.35,0,1,1,0,0,0,0,1,1,0,0,0,0,0,"20.25","0",0,0,0,0,4310022,"Great Oaks Water Company",80.62,62.88506811,93,73,-13.31,-14,98684,60,"North",NA,NA,NA,NA,NA
"312",4310027,7,327,"Santa Clara Valley Water District",0,163.4274167,86.25,0.587198446,1.840322581,0,1,3,0,0,4,0,0.309815951,0,0,0.146801052,0.543382997,"0.0,0.0,0.0,0.0,20.25,0.0,19.75","0,0,0,0,0,0,0",1,7,7,3,NA,"",0,0,0,0,0,0,97113,1114,"North","Santa Clara Valley Water District ",1,1,7,3
"313",4410010,6,328,"Santa Cruz, City of",90000,130.0773,89.129,0.673700731,2.333394698,1,3,0,0,0,4,0.041186681,0.95889222,0,0,0,0,"0.0,20.75,0.0,0.0,0.0,14.25","0,0,0,0,0,0",1,0,1,0,4410010,"Santa Cruz, City of",71.99,42.25620104,77,43,-6.51,-2,67994.5,86,"North","Santa Cruz, City of ",1,0,1,0
"314",4410011,2,329,"Watsonville, City of",51703,160.8189,60.179,0.275235403,1.185046296,1,1,0,1,0,3,0.843848889,0.093760988,0,0.062390124,0,0,"0.0,14.25","0,0",0,0,0,0,4410011,"Watsonville, City of",93.18,63.6408907,89,77,4.69,-17,51545.5,48,"North",NA,NA,NA,NA,NA
"315",4410013,2,330,"Scotts Valley Water District",11301,130.0773,128.807,0.178192545,1.109720177,1,0,0,1,0,2,0.901128069,0,0,0.098871931,0,0,"0.0,14.25","0,0",0,0,0,0,4410013,"Scotts Valley Water District",94.2,65.93670555,104,73,-9.43,-10,109712,12,"North",NA,NA,NA,NA,NA
"316",4410017,3,331,"Soquel Creek Water District",50000,130.0773,94.083,0.001956945,1.000980392,1,0,1,0,0,2,0.999020568,0,0,0,0,0.000979432,"0.0,0.0,14.25","0,0,0",0,2,0,1,4410017,"Soquel Creek Water District",71.36,54.52002141,77,57,-7.32,-4,75833,41,"North","Soquel Creek Water District ",0,1,0,1
"317",4510005,2,332,"Redding, City of",85703,98.7672,51.667,0.587771331,1.816428571,1,2,0,0,0,3,0.288504391,0.711495609,0,0,0,0,"0.0,0.0","0,0",0,0,0,0,4510005,"Redding, City of",208.19,143.652608,281,197,-25.91,-27,46184,75,"North",NA,NA,NA,NA,NA
"318",4510006,0,333,"Shasta Lake, City of",10293,89.24033333,35.438,0.176355823,1.108314264,0,0,2,0,0,2,0,0,0,0.097728837,0,0.902271163,"","",0,3,0,2,4510006,"Shasta Lake, City of",146.84,108.6612182,194,149,-24.31,-27,46250,15,"North","Shasta Lake, City of ",0,1,0,2
"319",4710011,1,335,"Yreka, City of",7290,36.8692,31.071,0.656096772,1.926190476,0,6,0,0,0,6,0,1,0,0,0,0,"0.0","0",0,0,0,0,4710011,"Yreka, City of",223.31,89.32345541,355,160,-37.1,-44,39279,9,"North",NA,NA,NA,NA,NA
"320",4810001,1,336,"Benecia, City of",28000,135.3593,67.847,0.474833013,1.573663625,0,2,3,0,0,5,0,0.364540182,0,0,0,0.635459818,"0.0","0",0,7,0,3,4810001,"Benecia, City of",133.16,71.90877499,160,86,-16.77,-16,85583.5,22,"North","Benecia, City of ",0,2,0,3
"321",4810002,1,337,"CA Water Service Co - Dixon District",9278,171.8005,84.494,0,1,1,0,0,0,0,1,1,0,0,0,0,0,"15.5","0",0,0,0,0,4810002,"CA Water Service Co - Dixon District",103.9,89.04127816,125,111,-16.88,-20,61250,11,"North",NA,NA,NA,NA,NA
"322",4810003,1,338,"Fairfield, City of",100147,135.3593,87.867,0,1,0,0,1,0,0,1,0,0,0,0,0,1,"0.0","0",0,2,0,1,4810003,"Fairfield, City of",147.06,88.23452381,178,91,-17.38,-3,65833,66,"North","Fairfield, City of ",0,2,0,1
"323",4810004,1,339,"Rio Vista, City of",7376,171.8005,61.602,0,1,1,0,0,0,0,1,1,0,0,0,0,0,"15.5","0",0,0,0,0,4810004,"Rio Vista, City of",206.41,144.486252,275,193,-24.94,-25,62793,5,"North",NA,NA,NA,NA,NA
"324",4810007,1,340,"Vallejo, City of",125000,119.06775,57.679,0.216894267,1.141246197,0,1,2,0,0,3,0,0.123764879,0,0,0,0.876235121,"0.0","0",1,7,2,2,4810007,"Vallejo, City of",106.9,85.52015908,115,76,-7.04,13,59147.5,92,"North","Vallejo, City of ",1,1,2,2
"325",4810008,2,341,"Vacaville, City of",96735,153.5799,63.239,0,0,0,0,0,0,0,0,0,0,0,0,0,0,"0.0,15.5","0,0",0,0,0,0,4810008,"",124.8,109.8229501,169,149,-26.15,-26,75418.5,74,"North",NA,NA,NA,NA,NA
"326",4910004,1,342,"Sweetwater Springs Water District",6000,71.924,52.188,0,1,1,0,0,0,0,1,1,0,0,0,0,0,"0.0","0",1,0,1,0,4910004,"Sweetwater Springs Water District",75.91,63.00892324,86,71,-11.73,-11,44408.5,10,"North","Sweetwater Springs Water District ",1,0,1,0
"327",4910006,2,343,"Petaluma, City of",55900,102.7762,80.6,0.220060969,1.144001144,1,0,1,0,0,2,0.125875,0,0,0,0,0.874125,"0.0,0.0","0,0",0,2,0,1,4910006,"Petaluma, City of",111.75,65.92391554,125,77,-10.6,-14,80764,54,"North","Petaluma, City of ",0,1,0,1
"328",4910009,3,344,"Santa Rosa, City of",157985,87.3501,61.35,0.107342733,1.059738576,1,0,1,0,0,2,0.045973496,0,0,0.010397554,0,0.94362895,"0.0,0.0,18.75","0,0,0",0,2,0,1,4910009,"Santa Rosa, City of",86.45,64.83814239,113,80,-23.49,-19,58739.5,144,"North","Santa Rosa, City of ",0,1,0,1
"329",4910012,1,345,"Sonoma, City of",10807,102.7762,0,0.498484619,1.730083857,1,0,1,1,0,3,0.013026356,0,0,0.40896698,0,0.578006665,"0.0","0",0,2,0,1,4910012,"Sonoma, City of",136.08,92.94363971,149,113,-8.67,-18,72334.5,14,"North","Sonoma, City of ",0,1,0,1
"330",4910013,1,346,"Valley of the Moon Water District",23858,102.7762,45.558,0.232562807,1.155167219,1,0,1,0,0,2,0.134324465,0,0,0,0,0.865675535,"0.0","0",0,2,0,1,4910013,"Valley of the Moon Water District",90.18,84.31651624,112,75,-19.48,12,60008.5,24,"North","Valley of the Moon Water District ",0,1,0,1
"331",4910014,1,347,"Rohnert Park, City of",42650,87.3501,43.536,0.572622542,1.77067922,1,0,1,1,0,3,0.300417774,0,0,0.134827193,0,0.564755032,"18.75","0",0,2,0,1,4910014,"Rohnert Park, City of",87.35,61.05555019,102,65,-14.37,-6,59850,40,"North","Rohnert Park, City of ",0,1,0,1
"332",4910017,1,348,"Windsor, town of Water District",26955,71.924,65.15,0,1,0,0,1,0,0,1,0,0,0,0,0,1,"18.75","0",0,2,0,1,4910017,"Windsor, town of Water District",98.76,72.09260519,122,87,-19.05,-17,69697.5,22,"North","Windsor, town of Water District ",0,1,0,1
"333",4910018,1,349,"CA Water Service Co - Redwood Valley",495,71.924,0,0.386514329,1.354632588,1,0,2,0,0,3,0.261792453,0,0,0,0,0.738207547,"0.0","0",0,2,0,2,4910018,"CA Water Service Co - Redwood Valley",75.48,73.43890233,80,76,-5.65,-3,40900,3,"North","CA Water Service Co - Redwood Valley ",0,1,0,2
"334",5010017,1,350,"Patterson, City of",21229,199.1403,43.608,0,1,1,0,0,0,0,1,1,0,0,0,0,0,"22.25","0",0,0,0,0,5010017,"Patterson, City of",131.14,108.8493376,181,141,-27.54,-23,44310.5,14,"North",NA,NA,NA,NA,NA
"335",5010018,2,351,"Riverbank, City of",22201,199.1403,0,0,1,1,0,0,0,0,1,1,0,0,0,0,0,"23.5,25.5","0,0",0,0,0,0,5010018,"Riverbank, City of",130.7,117.6313491,190,171,-31.21,-31,48072.5,16,"North",NA,NA,NA,NA,NA
"336",5010019,1,352,"Turlock, City of",64215,199.1403,27.841,0.093741382,1.051857976,1,0,0,1,0,2,0.95069869,0,0,0.04930131,0,0,"21.5","0",0,0,0,0,5010019,"Turlock, City of",214.08,103.8062429,283,153,-24.35,-32,43372,43,"North",NA,NA,NA,NA,NA
"337",5010028,2,353,"Ceres, City of",42666,199.1403,21.786,0,1,1,0,0,0,0,1,1,0,0,0,0,0,"21.5,23.5","0,0",0,0,0,0,5010028,"Ceres, City of",122.26,91.69711352,162,119,-24.53,-23,37910,30,"North",NA,NA,NA,NA,NA
"338",5010033,1,354,"Modesto, City of",1219,199.1403,0,0.498791648,1.906286965,1,0,1,0,0,2,0.524571854,0,0,0,0,0.475412633,"22.25","0",0,2,0,1,5010033,"Modesto, City of",188.32,142.3896846,228,180,-17.4,-21,45816.5,2,"North","Modesto, City of ",0,1,0,1
"339",5010038,3,355,"Modesto Irrigation District",16,199.1403,56.346,0,1,0,1,0,0,0,1,0,1,0,0,0,0,"21.5,23.5,25.5","0,0,0",1,0,1,0,NA,"",0,0,0,0,0,0,47933,171,"North","Modesto Irrigation District ",1,0,1,0
"340",5010040,2,356,"South San Joaquin Irrigation District",50,192.4713,63.299,0.124184474,1.071256454,0,1,0,0,0,1,0,0.93348329,0,0.06651671,0,0,"23.5,25.5","0,0",2,0,2,0,NA,"",0,0,0,0,0,0,58849,61,"North","South San Joaquin Irrigation District ",2,0,2,0
"341",5110002,3,357,"Yuba City, City of",53346,187.927,96.719,0.771815075,3.421666667,1,3,1,0,0,5,0.098879688,0.608865075,0,0,0,0.292255236,"14.5,17.5,14.25","0,0,0",0,7,0,1,5110002,"Yuba City, City of",171.71,113.3310656,215,142,-20.13,-20,43960,36,"North","Yuba City, City of ",0,1,0,1
"342",5210004,2,358,"Red Bluff, City of",14005,134.2302,43.38,0,1,1,0,0,0,0,1,1,0,0,0,0,0,"20.25,16.0","0,0",0,0,0,0,5210004,"Red Bluff, City of",200.8,136.7428307,274,193,-26.72,-29,40063.5,18,"North",NA,NA,NA,NA,NA
"343",5410002,1,359,"Dinuba, City of",21237,217.0267,63.125,0,1,1,0,0,0,0,1,1,0,0,0,0,0,"22.75","0",0,0,0,0,5410002,"Dinuba, City of",144.94,97.10799374,182,118,-20.36,-18,41175,12,"North",NA,NA,NA,NA,NA
"344",5410003,1,360,"Exeter, City of",10665,217.0267,0,0,0,0,0,0,0,0,0,0,0,0,0,0,0,"26.5","0",0,0,0,0,5410003,"",155.62,127.6063777,210,176,-25.9,-28,47305.5,6,"North",NA,NA,NA,NA,NA
"345",5410010,2,361,"Porterville, City of",54165,217.0267,36.588,0,1,1,0,0,0,0,1,1,0,0,0,0,0,"22.25,26.5","0,0",0,0,0,0,5410010,"Porterville, City of",138,99.35713023,165,122,-16.37,-19,42015,39,"North",NA,NA,NA,NA,NA
"346",5410015,1,362,"Tulare, City of",59535,217.0267,44.609,0,1,1,0,0,0,0,1,1,0,0,0,0,0,"26.5","0",0,0,0,0,5410015,"Tulare, City of",219.44,100.0655989,263,145,-16.56,-31,43608,40,"North",NA,NA,NA,NA,NA
"347",5410041,1,363,"CA Water Service Co - Visalia",620,217.0267,0,0,1,1,0,0,0,0,1,1,0,0,0,0,0,"26.5","0",0,0,0,0,5410041,"CA Water Service Co - Visalia",160.06,113.1651839,221,157,-27.57,-28,71729,1,"North",NA,NA,NA,NA,NA
"348",5510003,0,364,"Tuolumne Utilities District",1586,194.2638,0,0.208774336,1.129020408,1,1,0,1,0,3,0.047393536,0.885691562,0,0.066878751,0,0,"","",0,0,0,0,5510003,"Tuolumne Utilities District",115.42,113.1135522,136,69,-15.13,64,48235,4,"North",NA,NA,NA,NA,NA
"349",5510009,0,365,"Groveland Community Services District",3400,194.2638,46.367,0.330303317,1.263763353,0,0,1,1,0,2,0,0,0,0.208712614,0,0.791287386,"","",0,3,0,1,5510009,"Groveland Community Services District",94.41,90.63417293,106,99,-10.93,-8,35125,3,"North","Groveland Community Services District ",0,1,0,1
"350",5610007,2,366,"Oxnard, City of",197899,200.4460667,62.555,0.341544745,1.279633061,1,0,2,0,0,3,0.218525974,0,0,0,0,0.781474026,"26.75,17.25","0,0",0,3,0,2,5610007,"Oxnard, City of",103.21,54.42031773,110,67,-6.18,-19,58354,98,"South","Oxnard, City of ",0,3,0,2
"351",5610009,1,367,"Port Hueneme, City of",22887,196,0,0,1,0,0,1,0,0,1,0,0,0,0,0,1,"26.75","0",0,2,0,1,5610009,"Port Hueneme, City of",78.8,48.8536261,79,53,-0.26,-8,58860,16,"South","Port Hueneme, City of ",0,4,0,1
"352",5610011,1,368,"Santa Paula, City of",29321,200.7674,53.043,0.153172302,1.091190954,1,1,0,0,0,2,0.916429885,0.083570115,0,0,0,0,"20.5","1",0,0,0,0,5610011,"Santa Paula, City of",116.24,94.61530261,122,79,-4.73,20,52964,21,"South",NA,NA,NA,NA,NA
"353",5610014,2,369,"Golden State Water Company - Ojai",9554,204.5708,92.727,0.229304609,1.152211373,1,0,1,0,0,2,0.867463876,0,0,0,0,0.132037867,"0.0,18.25","0,0",0,2,0,1,NA,"",0,0,0,0,0,0,62588,10,"South","Golden State Water Company - Ojai ",0,1,0,1
"354",5610019,3,371,"Camarillo, City of",45500,196,60.234,0.498208097,1.887032967,1,0,1,0,0,2,0.470067552,0,0,0,0,0.529932448,"0.0,26.75,0.0","0,0,0",0,3,0,1,5610019,"Camarillo, City of",148.51,90.0103017,155,90,-4.19,0,89643,26,"South","Camarillo, City of ",0,3,0,1
"355",5610023,3,372,"Ventura County Waterworks District #8",86000,195.98625,0,0.0679042,1.036376115,1,0,1,0,0,2,0.032491722,0,0,0.002607616,0,0.964900662,"0.0,0.0,0.0","0,0,0",0,3,0,1,5610023,"Ventura County Waterworks District #8",167.17,110.3327564,189,125,-11.55,-12,91679.5,80,"South","Ventura County Waterworks District #8 ",0,3,0,1
"356",5610024,6,373,"Casitas Municipal Water District",65000,205.7972333,75.568,0.028376332,1.014605648,1,1,0,0,0,2,0.014395393,0.985604607,0,0,0,0,"17.25,0.0,0.0,0.0,0.0,18.25","0,0,0,0,0,0",1,0,2,0,5610024,"Casitas Municipal Water District",1069.46,110.1541421,1573,156,-32.01,-29,61928,54,"South","Casitas Municipal Water District ",1,0,2,0
"357",5610040,3,374,"CA-American Water - Ventura",63287,196,0,0,1,0,0,1,0,0,1,0,0,0,0,0,1,"0.0,13.0,0.0","0,0,0",0,3,0,1,5610040,"CA-American Water - Ventura",201.34,132.8861842,220,147,-8.48,-10,100625,53,"South","CA-American Water - Ventura ",0,3,0,1
"358",5610043,1,375,"Triunfo Sanitation District",14800,196,0,0.359675219,1.307391474,0,0,1,1,0,2,0,0,0,0.235118157,0,0.764881843,"0.0","0",0,3,0,1,5610043,"Triunfo Sanitation District",144.92,128.9826265,158,140,-8.28,-8,129750,9,"South","Triunfo Sanitation District ",0,3,0,1
"359",5610046,7,376,"United Water Conservation District",0,200.4460667,60.65,0,1,1,0,0,0,0,1,1,0,0,0,0,0,"0.0,26.75,17.25,0.0,20.5,20.75,21.75","0,0,0,0,1,0,0",2,0,2,0,NA,"",0,0,0,0,0,0,63365,197,"South","United Water Conservation District ",2,0,2,0
"360",5610050,10,377,"Calleguas Municipal Water District",0,197.184975,0,0.457356794,1.463187286,1,0,1,1,1,4,0.27189761,0,0.004612147,0.040050734,0,0.683439509,"0.0,0.0,0.0,13.0,0.0,0.0,0.0,26.75,0.0,0.0","0,0,0,0,0,0,0,0,0,0",2,6,8,1,NA,"",0,0,0,0,0,0,95625,235,"South","Calleguas Municipal Water District ",2,2,8,1
"361",5610059,1,378,"Golden State Water Company - Simi Valley",43910,196,0,0.222623032,1.14625132,1,0,1,0,0,2,0.127590972,0,0,0,0,0.872409028,"0.0","0",0,3,0,1,5610059,"Golden State Water Company - Simi Valley",109.98,83.80698718,120,88,-8.35,-5,85349,44,"South","Golden State Water Company - Simi Valley ",0,3,0,1
"362",5610063,5,379,"Camrosa Water District",30000,196,0,0.689858748,2.209533491,3,1,1,1,0,6,0.181330198,0.452584224,0,0.077807883,0,0.288277695,"13.0,0.0,0.0,0.0,0.0","0,0,0,0,0",0,3,0,1,5610063,"Camrosa Water District",197.01,134.5006726,195,153,1.03,-12,104071,25,"South","Camrosa Water District ",0,3,0,1
"363",5610080,1,380,"Port Hueneme Water Agency",0,196,0,0,1,0,0,2,0,0,2,0,0,0,0,0,1.00020141,"26.75","0",1,3,1,2,NA,"",0,0,0,0,0,0,64597,25,"South","Port Hueneme Water Agency ",1,3,1,2
"364",5710001,1,381,"Davis City of",67952,171.8005,61.734,0,1,1,0,0,0,0,1,1,0,0,0,0,0,"22.25","0",0,0,0,0,5710001,"Davis City of",121.2,84.84195124,154,101,-21.3,-16,68833,47,"North",NA,NA,NA,NA,NA
"365",5710003,3,382,"West Sacramento, City of",46500,171.8005,36.23,0,1,0,1,0,0,0,1,0,1,0,0,0,0,"22.25,22.25,22.5","0,0,0",0,0,0,0,5710003,"West Sacramento, City of",177.88,115.6204753,214,109,-16.88,6,49774.5,32,"North",NA,NA,NA,NA,NA
"366",5710006,1,383,"Woodland, City of",56464,171.8005,37.47,0,1,1,0,0,0,0,1,1,0,0,0,0,0,"22.25","0",0,0,0,0,5710006,"Woodland, City of",133.69,81.89824347,161,101,-16.96,-19,57090.5,34,"North",NA,NA,NA,NA,NA
"367",5810001,1,384,"CA Water Service Co - Marysville",12628,187.9097,45.8,0,1,1,0,0,0,0,1,1,0,0,0,0,0,"14.25","0",0,0,0,0,5810001,"CA Water Service Co - Marysville",127.68,86.18152151,164,106,-22.15,-19,39583,13,"North",NA,NA,NA,NA,NA
"368",5810002,1,385,"Linda County Water District",10000,187.927,37.335,0,1,1,0,0,0,0,1,1,0,0,0,0,0,"14.5","0",0,0,0,0,5810002,"Linda County Water District",135.33,121.7970493,165,149,-17.98,-18,34169,10,"North",NA,NA,NA,NA,NA
"369",5810003,1,386,"Olivehurst Public Utilities District",13738,187.9635,35.337,0,1,1,0,0,0,0,1,1,0,0,0,0,0,"14.5","0",0,0,0,0,5810003,"Olivehurst Public Utilities District",135.98,126.4634447,125,103,8.79,23,40677.5,14,"North",NA,NA,NA,NA,NA
